"sheet","header_row","rows","cols","note"
"T1_annual_main",1,3,10,""
"T2_annual_dynamic",1,54,11,""
"T3_estimator_comparison",1,18,10,""
"T4_annual_robustness",1,30,10,""
"T5_leave_one_crop_out",1,21,10,""
"T6_cohort_pretrends",1,9,10,""
"T7_fruit",1,14,10,""
"T8_fruit_dynamic",1,38,10,""
"T9_price",1,13,10,""
"T10_price_dynamic",1,18,9,""
"T11_rice_case",1,54,5,""
"T12_event_time_support",1,110,7,""
"T13_control_composition",1,72,5,""
"T14_pretrend_slopes",1,6,5,""
"T15_price_linking",1,31,38,""
"T19_label_map",1,9,2,""
"T16_nomenclature_appendix",1,43,8,""
"T17_price_item_crosswalk",1,31,7,""
"T18_treatment_coding",1,43,12,""
"RAW_SUMMARY",3,102,21,"Source: results_summary_all_specs(1).csv. Underlying all-specification summary results"
"RAW_DYNAMIC",3,1671,17,"Source: results_dynamic_all_specs(1).csv. Underlying dynamic/event-time results"
"RAW_RICE",3,135,5,"Source: results_rice_case(1).csv. Rice descriptive-case results"
"RAW_PRICE_FEAS",3,6,3,"Source: results_price_old_series_feasibility(1).csv. Old-series-only price feasibility"
"COHORT_SUPPORT_RAW",3,204,8,"Source: cohort_year_support(2).csv. Cohort-year support"
"EVENT_SUPPORT_RAW",3,44,6,"Source: event_time_support(2).csv. Event-time support"
"CONTROL_COMP_RAW",3,138,5,"Source: control_composition(2).csv. Control composition"
"FIGURE_MANIFEST",3,12,4,"Current figure hashes for later R recreation/QC."
