"crop_id","role","pilot_year","national_year","national_year_alt_table","fullscale_year","timing_confidence","pilot_event","national_event","fullscale_event","conflict_note","source"
"apple","baseline_treated","2001","2003","2001","2003","medium","2001.1 pilot (with enactment of Act)","2003.3 nationwide full-scale program (전국적 본사업)","2003.3","Product table (Yearbook 2025 p.44) lists 전국=2001, 본사업=2003; history (p.37) lists nationwide 2003.3. Baseline uses history; alt=2001.","Yearbook 2025 p.37, p.44; press release 2025.6.15; Han (2014) Table 1"
"pear","baseline_treated","2001","2003","2001","2003","medium","2001.1 pilot","2003.3 nationwide full-scale program","2003.3","Same as apple.","Yearbook 2025 p.37, p.44"
"sweet_persimmon","baseline_treated","2002","2004","2004","2004","high","2002.4 pilot","2004.3 nationwide full-scale program","2004.3","None (table 2002/2004/2004).","Yearbook 2025 p.37, p.44"
"tangerine","baseline_treated","2002","2004","2004","2004","high","2002.4 pilot","2004.3 nationwide full-scale program","2004.3","None.","Yearbook 2025 p.37, p.44"
"astringent_persimmon","baseline_treated","2006","2008","2008","2008","high","2006.5 pilot","2008.3 nationwide full-scale program","2008.3","None.","Yearbook 2025 p.37, p.44"
"peach","robustness_treated","2002","2004","2010","2019","low","2002.4 pilot","2004.3 nationwide full-scale program; 2010.1 nationwide program again","2018.11 full-scale (sold Nov -> 2019 crop)","History records 'nationwide' twice (2004, 2010) and 본사업 in 2018; table: 2002/2010/2018. Semantics of the 2004 vs 2010 events unresolved.","Yearbook 2025 p.37, p.46"
"grape","robustness_treated","2002","2004","2010","2017","low","2002.4 pilot","2004.3 nationwide; 2010.1 nationwide program","2016.10 full-scale (sold Nov -> 2017 crop)","As peach; table: 2002/2010/2016.","Yearbook 2025 p.37, p.46"
"plum","baseline_treated","2008","2012","2011","2012","high","2007.9 pilot (sold Nov -> 2008 crop)","2011.11 full-scale (sold Nov -> 2012 crop)","2011.11","Table 2007/2011/2011 = event years; crop-year conversion explains difference.","Yearbook 2025 p.37, p.46; guideline 2026 annex 4 (sales month)"
"green_plum","excluded","2010","2013","2012","2013","high","2009.5 pilot (sold Nov -> 2010 crop)","2012.9 full-scale (sold Nov -> 2013 crop)","2012.9","KOSIS series only from 2019 -> no pre-treatment data.","Yearbook 2025 p.37, p.46"
"rice","rice_case","2009","2014","2012","2017","low","2009.5 pilot","2013.9 nationwide program (sold Apr-Jun -> 2014 crop)","2017.2 full-scale","Table 2009/2012/2012 vs history 2013 nationwide & 2017 full-scale. Secondary (2013 KDI evaluation OCR) mentions rice not nationwide before ~2016.","Yearbook 2025 p.37, p.44"
"soybean","baseline_treated","2008","2012","2011","2012","high","2008.5 pilot (sold Jun-Jul)","2011.11 full-scale (next sales Jun 2012 -> 2012 crop)","2011.11","Table 2011 = event year.","Yearbook 2025 p.37, p.44"
"onion","baseline_treated","2009","2012","2011","2012","high","2008.5 pilot (sold Oct-Nov -> 2009 crop)","2011.11 full-scale (sold Oct-Nov -> 2012 crop)","2011.11","None after crop-year conversion.","Yearbook 2025 p.37, p.46"
"sweet_potato","baseline_treated","2009","2013","2012","2013","high","2009.5 pilot","2012.9 full-scale (sold Apr-Jun 2013)","2012.9","Table 2012 = event year. Han (2014) Table 1 also lists sweet potato in 2008 (apparent typo for potato).","Yearbook 2025 p.37, p.44; Han (2014)"
"corn","baseline_treated","2009","2013","2012","2013","high","2009.5 pilot","2012.9 full-scale (sold Apr-Jun 2013)","2012.9","KOSIS corn may include forage corn (separate insurance product from 2019).","Yearbook 2025 p.37, p.44"
"garlic","baseline_treated","2010","2013","2012","2013","high","2009.5 pilot (sold Oct-Nov -> 2010 crop)","2012.9 full-scale (sold Oct-Nov 2012 -> 2013 crop)","2012.9","None after conversion.","Yearbook 2025 p.37, p.46"
"spring_potato","baseline_treated","2008","2013","2011","2013","medium","2008.5 pilot (form not stated); press release lists potato forms under 2009","2012.9 full-scale (spring potato sold Apr-May 2013)","2012.9","Pilot year 2008 (history) vs 2009 (press release 2025.6.15); table 전국=2011.","Yearbook 2025 p.37, p.44; press release 2025.6.15"
"autumn_potato","robustness_treated","2008","2012","2011","2012","low","2008/2009 pilot (form unknown)","2012.9 full-scale (autumn potato sold Aug-Oct 2012)","2012.9","Form-level pilot history unknown; autumn potato measured by administrative survey.","Yearbook 2025 p.37; KOSIS DT_1ET0026 metadata"
"highland_potato","excluded","2009","2024",,"2024","low","2008/2009 pilot (form unknown)","2024.5 full-scale","2024.5","No post-period to 2024; pilot exposure 2009-2023 makes it an invalid control.","Yearbook 2025 p.38; press release"
"red_pepper","baseline_treated","2008","2015","2014","2015","high","2008.5 pilot","2014.10 full-scale (sold Apr-May 2015)","2014.10","Insurance covers open-field chili; KOSIS dried-chili area assumed open-field.","Yearbook 2025 p.37, p.44"
"red_bean","control_pool","2020","2024","2024","2024","high","2020.6 pilot","2024.6 full-scale","2024.6","Valid control only before 2020.","Yearbook 2025 p.37-38, p.48"
"mung_bean","control_pool","2025",,,,"high","2025 pilot (press release)",,,"Not insured through 2024.","Press release 2025.6.15"
"other_pulses","control_pool",,,,,"high","never",,,"Heterogeneous aggregate - weak comparability.","KOSIS DT_1ET0025"
"barley","control_pool","2021","2025","2024","2025","medium","2020.10 pilot (sown autumn -> 2021 crop)","2024 (table) -> 2025 crop",,"Insurance 'barley' product definition vs KOSIS hulled/naked/malting unverified.","Yearbook 2025 p.37, p.48"
"malting_barley","control_pool","2021","2025","2024","2025","low","assumed same as barley",,,"Conservative: treated as exposed from barley pilot.","Yearbook 2025 p.37"
"wheat","control_pool","2017","2021","2024","2025","low","2016.10 pilot (sown autumn -> 2017 crop)","2020.1 full-scale (history) -> 2021 crop; 2024.10 full-scale again",,"Two full-scale entries in history; table 전국=2024, 본사업=2020. Used only as pre-2017 control.","Yearbook 2025 p.37-38, p.46"
"spring_radish","control_pool",,,,,"medium","not insured through 2024 (spring radish pilot appears in 2026 guideline annex 5)",,,"Absent from 2024 eligible-area file.","Guideline 2026 annex 5; APFS eligible area 2024"
"highland_radish","control_pool","2019","2024",,"2024","high","2019.4 pilot","2024.5 full-scale","2024.5",,"Yearbook 2025 p.37-38"
"autumn_radish","control_pool","2024",,,,"high","2024.8 pilot",,,,"Yearbook 2025 p.38"
"winter_radish","control_pool","2020",,,,"medium","2019.9 pilot (winter harvest -> 2020)",,,"KOSIS winter series starts 2014.","Yearbook 2025 p.37"
"carrot","control_pool","2019",,,,"medium","2019.7 pilot",,,"KOSIS carrot not split by form.","Yearbook 2025 p.37"
"spring_napa","control_pool","2024",,,,"high","2024.3 pilot",,,,"Yearbook 2025 p.38"
"highland_napa","control_pool","2019","2024",,"2024","high","2019.4 pilot","2024.5 full-scale","2024.5",,"Yearbook 2025 p.37-38"
"autumn_napa","control_pool","2022",,,,"high","2022.8 pilot",,,,"Yearbook 2025 p.38; press release"
"winter_napa","control_pool","2020",,,,"medium","2019.9 pilot (winter harvest -> 2020)",,,"KOSIS winter series starts 2014.","Yearbook 2025 p.37"
"cabbage","control_pool","2017",,,,"medium","2016.10 pilot (autumn/winter cabbage -> 2017)","no nationwide/full-scale entry in history",,"2026 guideline lists as main program type 1; conversion date unknown.","Yearbook 2025 p.37, p.46; guideline 2026 annex 5"
"spinach","control_pool","2021","2025","2024","2025","high","2020.10 pilot (sold Sep-Nov -> 2021)","2024.9 full-scale","2024.9","Greenhouse spinach insured since 2013 (separate product).","Yearbook 2025 p.37-38"
"leaf_lettuce","control_pool",,,,,"medium","never (open-field)",,,"Greenhouse lettuce insured since 2013 - possible spillover.","Yearbook 2025 p.37"
"large_green_onion","control_pool","2019","2024",,"2024","high","2019.4 pilot","2024.4 full-scale","2024.4",,"Yearbook 2025 p.37-38"
"small_green_onion","control_pool","2019",,,,"medium","2019.9 pilot",,,,"Yearbook 2025 p.37"
"ginger","control_pool","2025",,,,"high","2025 pilot",,,,"Press release 2025.6.15"
"sesame","control_pool","2025",,,,"high","2025 pilot",,,,"Press release 2025.6.15"
"perilla","control_pool","2027",,,,"high","2027 planned",,,,"Press release 2025.6.15"
"peanut","control_pool",,,,,"medium","never (no plan found)",,,,"Press release 2025.6.15 (not listed)"
