"internal_id","thesis_label"
"CS-A (preferred)","Custom group-time DiD, final clean pre-pilot year (preferred)"
"CS-B (mean of all clean-pre years)","Custom group-time DiD, mean of all clean pre-pilot years"
"CS-B5 (mean of last 5 clean-pre years)","Custom group-time DiD, mean of last 5 clean pre-pilot years"
"Imputation (FE on clean cells)","Imputation estimator (two-way FE fitted on clean cells)"
"CS-A main (exact match, annual linking rule)","Custom group-time DiD, final clean pre-pilot year: main price sample (exact match, annual linking rule)"
"CS-B main","Custom group-time DiD, mean of all clean pre-pilot years: main price sample"
"ln_real_linked","ln_rel_price_linked (Log relative farm-gate price index, linked)"
"ln_real_new","ln_rel_price_new (Log relative farm-gate price index, 2005–2024 series)"
"real_linked","relative_price_index"
