"Specification","Outcome","Estimated_change","SE_crop_clustered","CI95_wild_bootstrap","p_wild_bootstrap","p_cluster_normal","Treated_crops","Clusters","Pretrend_Wald_p"
"Custom group-time DiD, final clean pre-pilot year (preferred)","Orchard area","0.136","0.14","[-0.129, 0.401]","0.349","0.332","6","35","0.898"
"Custom group-time DiD, final clean pre-pilot year (preferred)","Production","0.115","0.109","[-0.089, 0.318]","0.293","0.294","6","35","0.806"
"Custom group-time DiD, mean of all clean pre-pilot years","Orchard area","0.38","0.204","[-0.010, 0.770]","0.058","0.062","6","33","0.917"
"Custom group-time DiD, mean of all clean pre-pilot years","Production","0.386","0.183","[0.036, 0.737]","0.03","0.034","6","33","0.871"
"Apple and Pear dated 2001","Orchard area","0.13","0.131","[-0.118, 0.378]","0.347","0.322","6","35","0.954"
"Apple and Pear dated 2001","Production","0.117","0.105","[-0.082, 0.316]","0.266","0.264","6","35","0.908"
"Adding Peach and Grape (nationwide 2004)","Orchard area","0.115","0.123","[-0.115, 0.345]","0.366","0.352","8","37","0.599"
"Adding Peach and Grape (nationwide 2004)","Production","0.082","0.114","[-0.130, 0.295]","0.49","0.469","8","37","0.399"
"Adding Peach and Grape (nationwide 2010)","Orchard area","0.149","0.14","[-0.116, 0.415]","0.299","0.286","8","37","0.856"
"Adding Peach and Grape (nationwide 2010)","Production","0.081","0.134","[-0.175, 0.337]","0.556","0.545","8","37","0.676"
"Controls: field crops only","Orchard area","0.041","0.23","[-0.380, 0.462]","0.874","0.858","6","21","0.84"
"Controls: field crops only","Production","0.021","0.23","[-0.398, 0.439]","0.9350000000000001","0.928","6","21","0.713"
"TWFE static, clean cells (benchmark)","Orchard area","0.432","0.185","—","0.054",,"6","30",
"TWFE static, clean cells (benchmark)","Production","0.411","0.165","—","0.044",,"6","30",
