id,province,name,cohort,merged,complete,rice_years,farmland_years,paddy_years,pre_mean_rice
CB_괴산군+증평군,CB,괴산군+증평군,2012,True,True,12,12,12,5850.666666666667
CB_단양군,CB,단양군,2012,False,True,12,12,12,737.6666666666666
CB_보은군,CB,보은군,2012,False,True,12,12,12,5455.222222222223
CB_영동군,CB,영동군,2012,False,True,12,12,12,2629.777777777778
CB_옥천군,CB,옥천군,2012,False,True,12,12,12,3128.222222222222
CB_음성군,CB,음성군,2012,False,True,12,12,12,6783.666666666667
CB_제천시,CB,제천시,2012,False,True,12,12,12,2994.222222222222
CB_진천군,CB,진천군,2009,False,True,12,12,12,6145.555555555556
CB_청원군,CB,청원군,2009,False,True,12,12,12,11285.888888888889
CB_청주시,CB,청주시,2012,False,True,12,12,12,2782.8888888888887
CB_충주시,CB,충주시,2012,False,True,12,12,12,7199.222222222223
CN_공주시,CN,공주시,2012,False,True,12,12,12,9899.0
CN_금산군,CN,금산군,2012,False,True,12,12,12,2874.222222222222
CN_논산시+계룡시,CN,논산시+계룡시,2009,True,True,12,12,12,13786.222222222223
CN_당진군,CN,당진군,2009,False,True,12,12,12,21889.333333333332
CN_보령시,CN,보령시,2012,False,True,12,12,12,9765.333333333334
CN_부여군,CN,부여군,2012,False,True,12,12,12,12846.666666666666
CN_서산시,CN,서산시,2009,False,True,12,12,12,21055.333333333332
CN_서천군,CN,서천군,2012,False,True,12,12,12,10832.333333333334
CN_아산시,CN,아산시,2011,False,True,12,12,12,12402.444444444445
CN_연기군,CN,연기군,2012,False,True,12,12,12,4815.222222222223
CN_예산군,CN,예산군,2011,False,True,12,12,12,12031.888888888889
CN_천안시,CN,천안시,2012,False,True,12,12,12,8721.333333333334
CN_청양군,CN,청양군,2012,False,True,12,12,12,6733.555555555556
CN_태안군,CN,태안군,2012,False,True,12,12,12,10268.0
CN_홍성군,CN,홍성군,2012,False,True,12,12,12,10259.0
GB_경산시,GB,경산시,2012,False,True,12,12,12,1682.4444444444443
GB_경주시,GB,경주시,2011,False,True,12,12,12,15104.222222222223
GB_고령군,GB,고령군,2012,False,True,12,12,12,4393.222222222223
GB_구미시,GB,구미시,2009,False,True,12,12,12,8399.333333333334
GB_군위군,GB,군위군,2012,False,True,12,12,12,3023.0
GB_김천시,GB,김천시,2012,False,True,12,12,12,6264.888888888889
GB_문경시,GB,문경시,2012,False,True,12,12,12,5525.666666666667
GB_봉화군,GB,봉화군,2012,False,True,12,12,12,3408.222222222222
GB_상주시,GB,상주시,2009,False,True,12,12,12,15960.222222222223
GB_성주군,GB,성주군,2012,False,True,12,12,12,3837.0
GB_안동시,GB,안동시,2012,False,True,12,12,12,7110.333333333333
GB_영덕군,GB,영덕군,2012,False,True,12,12,12,2968.222222222222
GB_영양군,GB,영양군,2012,False,True,12,12,12,1208.3333333333333
GB_영주시,GB,영주시,2012,False,True,12,12,12,5474.111111111111
GB_영천시,GB,영천시,2012,False,True,12,12,12,4886.888888888889
GB_예천군,GB,예천군,2012,False,True,12,12,12,10350.333333333334
GB_울진군,GB,울진군,2012,False,True,12,12,12,3372.0
GB_의성군,GB,의성군,2011,False,True,12,12,12,11199.111111111111
GB_청도군,GB,청도군,2012,False,True,12,12,12,3692.3333333333335
GB_청송군,GB,청송군,2012,False,True,12,12,12,1629.111111111111
GB_칠곡군,GB,칠곡군,2012,False,True,12,12,12,3160.4444444444443
GB_포항시,GB,포항시,2012,False,True,12,12,12,9070.222222222223
GG_가평군,GG,가평군,2012,False,True,12,12,12,1655.7777777777778
GG_고양시,GG,고양시,2012,False,True,12,12,12,2293.3333333333335
GG_과천시,GG,과천시,2012,False,True,12,12,12,61.44444444444444
GG_광명시,GG,광명시,2012,False,True,12,12,12,212.88888888888889
GG_광주시,GG,광주시,2012,False,True,12,12,12,1577.111111111111
GG_구리시,GG,구리시,2012,False,False,5,12,12,2.2
GG_군포시,GG,군포시,2012,False,True,12,12,12,161.0
GG_김포시,GG,김포시,2012,False,True,12,12,12,7357.333333333333
GG_남양주시,GG,남양주시,2012,False,True,12,12,12,737.4444444444445
GG_동두천시,GG,동두천시,2012,False,True,12,12,12,158.0
GG_부천시,GG,부천시,2012,False,True,12,12,12,351.3333333333333
GG_성남시,GG,성남시,2012,False,True,12,12,12,110.88888888888889
GG_수원시,GG,수원시,2012,False,True,12,12,12,1108.0
GG_시흥시,GG,시흥시,2012,False,True,12,12,12,1332.888888888889
GG_안산시,GG,안산시,2012,False,True,12,12,12,791.3333333333334
GG_안성시,GG,안성시,2012,False,True,12,12,12,9658.888888888889
GG_안양시,GG,안양시,2012,False,False,10,12,12,10.11111111111111
GG_양주시,GG,양주시,2012,False,True,12,12,12,2316.222222222222
GG_양평군,GG,양평군,2012,False,True,12,12,12,5347.555555555556
GG_여주시,GG,여주시,2012,False,True,12,12,12,9591.555555555555
GG_연천군,GG,연천군,2012,False,True,12,12,12,4594.444444444444
GG_오산시,GG,오산시,2012,False,True,12,12,12,600.4444444444445
GG_용인시,GG,용인시,2012,False,True,12,12,12,5192.333333333333
GG_의왕시,GG,의왕시,2012,False,True,12,12,12,140.66666666666666
GG_의정부시,GG,의정부시,2012,False,True,12,12,12,291.77777777777777
GG_이천시,GG,이천시,2009,False,True,12,12,12,10021.333333333334
GG_파주시,GG,파주시,2012,False,True,12,12,12,8870.888888888889
GG_평택시,GG,평택시,2009,False,True,12,12,12,15916.111111111111
GG_포천시,GG,포천시,2012,False,True,12,12,12,5082.888888888889
GG_하남시,GG,하남시,2012,False,True,12,12,12,126.55555555555556
GG_화성시,GG,화성시,2011,False,True,12,12,12,15204.333333333334
GN_거제시,GN,거제시,2012,False,True,12,12,12,2223.777777777778
GN_거창군,GN,거창군,2012,False,True,12,12,12,5960.666666666667
GN_고성군,GN,고성군,2012,False,True,12,12,12,7176.333333333333
GN_김해시,GN,김해시,2009,False,True,12,12,12,5587.222222222223
GN_남해군,GN,남해군,2012,False,True,12,12,12,3634.777777777778
GN_밀양시,GN,밀양시,2009,False,True,12,12,12,7215.555555555556
GN_사천시,GN,사천시,2012,False,True,12,12,12,5597.222222222223
GN_산청군,GN,산청군,2012,False,True,12,12,12,4969.444444444444
GN_양산시,GN,양산시,2012,False,True,12,12,12,1546.0
GN_의령군,GN,의령군,2012,False,True,12,12,12,4689.777777777777
GN_진주시,GN,진주시,2012,False,True,12,12,12,6980.777777777777
GN_창녕군,GN,창녕군,2012,False,True,12,12,12,7337.0
GN_창원시+마산시+진해시,GN,창원시+마산시+진해시,2012,True,True,12,12,12,5489.0
GN_통영시,GN,통영시,2012,False,True,12,12,12,679.8888888888889
GN_하동군,GN,하동군,2012,False,True,12,12,12,6040.555555555556
GN_함안군,GN,함안군,2012,False,True,12,12,12,6926.666666666667
GN_함양군,GN,함양군,2012,False,True,12,12,12,4733.333333333333
GN_합천군,GN,합천군,2012,False,True,12,12,12,9002.888888888889
GW_강릉시,GW,강릉시,2012,False,True,12,12,12,3544.1111111111113
GW_고성군,GW,고성군,2012,False,True,12,12,12,3301.4444444444443
GW_동해시,GW,동해시,2012,False,True,12,12,12,295.44444444444446
GW_삼척시,GW,삼척시,2012,False,True,12,12,12,946.5555555555555
GW_속초시,GW,속초시,2012,False,True,12,12,12,417.22222222222223
GW_양구군,GW,양구군,2012,False,True,12,12,12,2448.777777777778
GW_양양군,GW,양양군,2012,False,True,12,12,12,2332.4444444444443
GW_영월군,GW,영월군,2012,False,True,12,12,12,938.2222222222222
GW_원주시,GW,원주시,2012,False,True,12,12,12,4460.555555555556
GW_인제군,GW,인제군,2012,False,True,12,12,12,1254.2222222222222
GW_정선군,GW,정선군,2012,False,True,12,12,12,531.1111111111111
GW_철원군,GW,철원군,2009,False,True,12,12,12,10385.777777777777
GW_춘천시,GW,춘천시,2012,False,True,12,12,12,2594.1111111111113
GW_태백시,GW,태백시,2012,False,False,6,12,12,1.0
GW_평창군,GW,평창군,2012,False,True,12,12,12,881.1111111111111
GW_홍천군,GW,홍천군,2012,False,True,12,12,12,4655.555555555556
GW_화천군,GW,화천군,2012,False,True,12,12,12,1338.2222222222222
GW_횡성군,GW,횡성군,2012,False,True,12,12,12,3834.4444444444443
JB_고창군,JB,고창군,2011,False,True,12,12,12,14616.666666666666
JB_군산시,JB,군산시,2012,False,True,12,12,12,13325.555555555555
JB_김제시,JB,김제시,2009,False,True,12,12,12,23311.0
JB_남원시,JB,남원시,2012,False,True,12,12,12,11728.555555555555
JB_무주군,JB,무주군,2012,False,True,12,12,12,2120.777777777778
JB_부안군,JB,부안군,2009,False,True,12,12,12,14846.111111111111
JB_순창군,JB,순창군,2012,False,True,12,12,12,6652.888888888889
JB_완주군,JB,완주군,2012,False,True,12,12,12,6148.444444444444
JB_익산시,JB,익산시,2009,False,True,12,12,12,20216.222222222223
JB_임실군,JB,임실군,2012,False,True,12,12,12,5384.777777777777
JB_장수군,JB,장수군,2012,False,True,12,12,12,3976.222222222222
JB_전주시,JB,전주시,2012,False,True,12,12,12,3734.5555555555557
JB_정읍시,JB,정읍시,2011,False,True,12,12,12,16998.0
JB_진안군,JB,진안군,2012,False,True,12,12,12,3593.222222222222
JN_강진군,JN,강진군,2012,False,True,12,12,12,10664.0
JN_고흥군,JN,고흥군,2011,False,True,12,12,12,14006.555555555555
JN_곡성군,JN,곡성군,2012,False,True,12,12,12,5679.222222222223
JN_광양시,JN,광양시,2012,False,True,12,12,12,3722.4444444444443
JN_구례군,JN,구례군,2012,False,True,12,12,12,3781.4444444444443
JN_나주시,JN,나주시,2009,False,True,12,12,12,15031.222222222223
JN_담양군,JN,담양군,2012,False,True,12,12,12,7590.444444444444
JN_목포시,JN,목포시,2012,False,True,12,12,12,305.3333333333333
JN_무안군,JN,무안군,2012,False,True,12,12,12,10207.0
JN_보성군,JN,보성군,2012,False,True,12,12,12,10080.111111111111
JN_순천시,JN,순천시,2012,False,True,12,12,12,7701.444444444444
JN_신안군,JN,신안군,2012,False,True,12,12,12,10164.888888888889
JN_여수시,JN,여수시,2012,False,True,12,12,12,2912.777777777778
JN_영광군,JN,영광군,2011,False,True,12,12,12,11427.444444444445
JN_영암군,JN,영암군,2009,False,True,12,12,12,16510.333333333332
JN_완도군,JN,완도군,2012,False,True,12,12,12,3043.777777777778
JN_장성군,JN,장성군,2012,False,True,12,12,12,6946.222222222223
JN_장흥군,JN,장흥군,2012,False,True,12,12,12,9848.666666666666
JN_진도군,JN,진도군,2012,False,True,12,12,12,6634.0
JN_함평군,JN,함평군,2012,False,True,12,12,12,9018.888888888889
JN_해남군,JN,해남군,2009,False,True,12,12,12,21449.444444444445
JN_화순군,JN,화순군,2012,False,True,12,12,12,7035.777777777777
