"연도","가입농가수(호)","가입건수(건)","가입금액(백만원)","가입면적(ha)","면적가입률(퍼센트)","순보험료(백만원)","국가보조보험료(백만원)","시도보조보험료(백만원)","시군구보조보험료(백만원)","농가부담금(백만원)","위험보험료(백만원)"
"2001","8055","8086","92449","4096","17.5","3016","1508","0","0","1508","3016"
"2002","18549","18620","271186","10994","18.3","8008","4004","0","0","4004","8008"
"2003","16480","16521","306754","11001","15.2","17202","8601","0","0","8601","17202"
"2004","24093","24874","513321","17546","18.2","32143","16071","0","0","16071","32143"
"2005","26328","27780","613877","20301","23.4","54847","33608","0","0","21239","54847"
"2006","27398","34818","753347","21466","24","57627","33891","0","0","23736","57627"
"2007","29145","38273","882947","23661","22.7","55670","30050","0","0","25620","55670"
"2008","32538","43783","931583","26037","23.1","55423","29014","0","0","26409","55423"
"2009","45882","61626","1251573","48331","12.5","62524","30989","0","0","31535","62524"
"2010","52738","73593","1626945","53452","13.6","86357","43241","0","0","21693","86357"
"2011","67653","91744","2059482","86604","15","111004","55515","0","0","27004","111004"
"2012","74983","101293","2411826","108373","13.6","151609","75804","12990","26835","35981","137477"
"2013","95102","122730","3318410","160203","19.1","226900","113448","17082","44641","51730","205712"
"2014","89038","117966","3534657","134264","16.1","233962","116977","18943","47678","50363","216632"
"2015","120546","154176","5032290","183596","21.5","308477","154252","27856","66424","59945","288028"
"2016","179470","240781","7061910","296007","27.4","344669","172157","31976","74447","66090","323221"
"2017","191206","284648","8489230","316835","29.7","334252","166707","35443","70524","61578","314152"
"2018","275133","330243","13031849","376593","32.9","550149","271334","57973","126858","93984","518038"
"2019","339582","397689","15695682","456024","38.8","511146","252154","62068","123237","73688","482227"
"2020","440173","515037","19976337","550174","45","722223","355306","84360","180563","101994","674740"
"2021","497884","577917","22367959","594250","49.4","848524","417546","100073","213311","117595","773471"
"2022","512995","593943","26179793","609793","49.9","949656","466677","116121","247167","119692","855316"
"2023","547183","634212","29190999","636727","52","1039681","506116","130793","273302","129469","936018"
"2024","589676","684140","31575067","676226","54.2","1141145","544222","145285","307424","144213","1042753"
