"crop_id","year","variable","raw_value","reason"
"winter_radish","2011","area_raw","0","national value <= 0 recoded to missing (series not reported)"
"winter_radish","2012","area_raw","0","national value <= 0 recoded to missing (series not reported)"
"winter_radish","2013","area_raw","0","national value <= 0 recoded to missing (series not reported)"
"winter_radish","2011","yield_raw","0","national value <= 0 recoded to missing (series not reported)"
"winter_radish","2012","yield_raw","0","national value <= 0 recoded to missing (series not reported)"
"winter_radish","2013","yield_raw","0","national value <= 0 recoded to missing (series not reported)"
"winter_radish","2011","prod_raw","0","national value <= 0 recoded to missing (series not reported)"
"winter_radish","2012","prod_raw","0","national value <= 0 recoded to missing (series not reported)"
"winter_radish","2013","prod_raw","0","national value <= 0 recoded to missing (series not reported)"
"apple","2001","all",,"transition year (pilot<=year<national) excluded from baseline"
"apple","2002","all",,"transition year (pilot<=year<national) excluded from baseline"
"pear","2001","all",,"transition year (pilot<=year<national) excluded from baseline"
"pear","2002","all",,"transition year (pilot<=year<national) excluded from baseline"
"sweet_persimmon","2002","all",,"transition year (pilot<=year<national) excluded from baseline"
"sweet_persimmon","2003","all",,"transition year (pilot<=year<national) excluded from baseline"
"astringent_persimmon","2006","all",,"transition year (pilot<=year<national) excluded from baseline"
"astringent_persimmon","2007","all",,"transition year (pilot<=year<national) excluded from baseline"
"tangerine","2002","all",,"transition year (pilot<=year<national) excluded from baseline"
"tangerine","2003","all",,"transition year (pilot<=year<national) excluded from baseline"
"plum","2008","all",,"transition year (pilot<=year<national) excluded from baseline"
"plum","2009","all",,"transition year (pilot<=year<national) excluded from baseline"
"plum","2010","all",,"transition year (pilot<=year<national) excluded from baseline"
"plum","2011","all",,"transition year (pilot<=year<national) excluded from baseline"
"soybean","2008","all",,"transition year (pilot<=year<national) excluded from baseline"
"soybean","2009","all",,"transition year (pilot<=year<national) excluded from baseline"
"soybean","2010","all",,"transition year (pilot<=year<national) excluded from baseline"
"soybean","2011","all",,"transition year (pilot<=year<national) excluded from baseline"
"corn","2009","all",,"transition year (pilot<=year<national) excluded from baseline"
"corn","2010","all",,"transition year (pilot<=year<national) excluded from baseline"
"corn","2011","all",,"transition year (pilot<=year<national) excluded from baseline"
"corn","2012","all",,"transition year (pilot<=year<national) excluded from baseline"
"sweet_potato","2009","all",,"transition year (pilot<=year<national) excluded from baseline"
"sweet_potato","2010","all",,"transition year (pilot<=year<national) excluded from baseline"
"sweet_potato","2011","all",,"transition year (pilot<=year<national) excluded from baseline"
"sweet_potato","2012","all",,"transition year (pilot<=year<national) excluded from baseline"
"spring_potato","2008","all",,"transition year (pilot<=year<national) excluded from baseline"
"spring_potato","2009","all",,"transition year (pilot<=year<national) excluded from baseline"
"spring_potato","2010","all",,"transition year (pilot<=year<national) excluded from baseline"
"spring_potato","2011","all",,"transition year (pilot<=year<national) excluded from baseline"
"spring_potato","2012","all",,"transition year (pilot<=year<national) excluded from baseline"
"red_pepper","2008","all",,"transition year (pilot<=year<national) excluded from baseline"
"red_pepper","2009","all",,"transition year (pilot<=year<national) excluded from baseline"
"red_pepper","2010","all",,"transition year (pilot<=year<national) excluded from baseline"
"red_pepper","2011","all",,"transition year (pilot<=year<national) excluded from baseline"
"red_pepper","2012","all",,"transition year (pilot<=year<national) excluded from baseline"
"red_pepper","2013","all",,"transition year (pilot<=year<national) excluded from baseline"
"red_pepper","2014","all",,"transition year (pilot<=year<national) excluded from baseline"
"onion","2009","all",,"transition year (pilot<=year<national) excluded from baseline"
"onion","2010","all",,"transition year (pilot<=year<national) excluded from baseline"
"onion","2011","all",,"transition year (pilot<=year<national) excluded from baseline"
"garlic","2010","all",,"transition year (pilot<=year<national) excluded from baseline"
"garlic","2011","all",,"transition year (pilot<=year<national) excluded from baseline"
"garlic","2012","all",,"transition year (pilot<=year<national) excluded from baseline"
"red_bean","2020","all",,"control crop exposed to pilot/insurance -> not a valid control from pilot year"
"red_bean","2021","all",,"control crop exposed to pilot/insurance -> not a valid control from pilot year"
"red_bean","2022","all",,"control crop exposed to pilot/insurance -> not a valid control from pilot year"
"red_bean","2023","all",,"control crop exposed to pilot/insurance -> not a valid control from pilot year"
"red_bean","2024","all",,"control crop exposed to pilot/insurance -> not a valid control from pilot year"
"barley","2021","all",,"control crop exposed to pilot/insurance -> not a valid control from pilot year"
"barley","2022","all",,"control crop exposed to pilot/insurance -> not a valid control from pilot year"
"barley","2023","all",,"control crop exposed to pilot/insurance -> not a valid control from pilot year"
"barley","2024","all",,"control crop exposed to pilot/insurance -> not a valid control from pilot year"
"malting_barley","2021","all",,"control crop exposed to pilot/insurance -> not a valid control from pilot year"
"malting_barley","2022","all",,"control crop exposed to pilot/insurance -> not a valid control from pilot year"
"malting_barley","2023","all",,"control crop exposed to pilot/insurance -> not a valid control from pilot year"
"malting_barley","2024","all",,"control crop exposed to pilot/insurance -> not a valid control from pilot year"
"wheat","2017","all",,"control crop exposed to pilot/insurance -> not a valid control from pilot year"
"wheat","2018","all",,"control crop exposed to pilot/insurance -> not a valid control from pilot year"
"wheat","2019","all",,"control crop exposed to pilot/insurance -> not a valid control from pilot year"
"wheat","2020","all",,"control crop exposed to pilot/insurance -> not a valid control from pilot year"
"wheat","2021","all",,"control crop exposed to pilot/insurance -> not a valid control from pilot year"
"wheat","2022","all",,"control crop exposed to pilot/insurance -> not a valid control from pilot year"
"wheat","2023","all",,"control crop exposed to pilot/insurance -> not a valid control from pilot year"
"wheat","2024","all",,"control crop exposed to pilot/insurance -> not a valid control from pilot year"
"highland_radish","2019","all",,"control crop exposed to pilot/insurance -> not a valid control from pilot year"
"highland_radish","2020","all",,"control crop exposed to pilot/insurance -> not a valid control from pilot year"
"highland_radish","2021","all",,"control crop exposed to pilot/insurance -> not a valid control from pilot year"
"highland_radish","2022","all",,"control crop exposed to pilot/insurance -> not a valid control from pilot year"
"highland_radish","2023","all",,"control crop exposed to pilot/insurance -> not a valid control from pilot year"
"highland_radish","2024","all",,"control crop exposed to pilot/insurance -> not a valid control from pilot year"
"autumn_radish","2024","all",,"control crop exposed to pilot/insurance -> not a valid control from pilot year"
"winter_radish","2020","all",,"control crop exposed to pilot/insurance -> not a valid control from pilot year"
"winter_radish","2021","all",,"control crop exposed to pilot/insurance -> not a valid control from pilot year"
"winter_radish","2022","all",,"control crop exposed to pilot/insurance -> not a valid control from pilot year"
"winter_radish","2023","all",,"control crop exposed to pilot/insurance -> not a valid control from pilot year"
"winter_radish","2024","all",,"control crop exposed to pilot/insurance -> not a valid control from pilot year"
"carrot","2019","all",,"control crop exposed to pilot/insurance -> not a valid control from pilot year"
"carrot","2020","all",,"control crop exposed to pilot/insurance -> not a valid control from pilot year"
"carrot","2021","all",,"control crop exposed to pilot/insurance -> not a valid control from pilot year"
"carrot","2022","all",,"control crop exposed to pilot/insurance -> not a valid control from pilot year"
"carrot","2023","all",,"control crop exposed to pilot/insurance -> not a valid control from pilot year"
"carrot","2024","all",,"control crop exposed to pilot/insurance -> not a valid control from pilot year"
"spring_napa","2024","all",,"control crop exposed to pilot/insurance -> not a valid control from pilot year"
"highland_napa","2019","all",,"control crop exposed to pilot/insurance -> not a valid control from pilot year"
"highland_napa","2020","all",,"control crop exposed to pilot/insurance -> not a valid control from pilot year"
"highland_napa","2021","all",,"control crop exposed to pilot/insurance -> not a valid control from pilot year"
"highland_napa","2022","all",,"control crop exposed to pilot/insurance -> not a valid control from pilot year"
"highland_napa","2023","all",,"control crop exposed to pilot/insurance -> not a valid control from pilot year"
"highland_napa","2024","all",,"control crop exposed to pilot/insurance -> not a valid control from pilot year"
"autumn_napa","2022","all",,"control crop exposed to pilot/insurance -> not a valid control from pilot year"
"autumn_napa","2023","all",,"control crop exposed to pilot/insurance -> not a valid control from pilot year"
"autumn_napa","2024","all",,"control crop exposed to pilot/insurance -> not a valid control from pilot year"
"winter_napa","2020","all",,"control crop exposed to pilot/insurance -> not a valid control from pilot year"
"winter_napa","2021","all",,"control crop exposed to pilot/insurance -> not a valid control from pilot year"
"winter_napa","2022","all",,"control crop exposed to pilot/insurance -> not a valid control from pilot year"
"winter_napa","2023","all",,"control crop exposed to pilot/insurance -> not a valid control from pilot year"
"winter_napa","2024","all",,"control crop exposed to pilot/insurance -> not a valid control from pilot year"
"cabbage","2017","all",,"control crop exposed to pilot/insurance -> not a valid control from pilot year"
"cabbage","2018","all",,"control crop exposed to pilot/insurance -> not a valid control from pilot year"
"cabbage","2019","all",,"control crop exposed to pilot/insurance -> not a valid control from pilot year"
"cabbage","2020","all",,"control crop exposed to pilot/insurance -> not a valid control from pilot year"
"cabbage","2021","all",,"control crop exposed to pilot/insurance -> not a valid control from pilot year"
"cabbage","2022","all",,"control crop exposed to pilot/insurance -> not a valid control from pilot year"
"cabbage","2023","all",,"control crop exposed to pilot/insurance -> not a valid control from pilot year"
"cabbage","2024","all",,"control crop exposed to pilot/insurance -> not a valid control from pilot year"
"spinach","2021","all",,"control crop exposed to pilot/insurance -> not a valid control from pilot year"
"spinach","2022","all",,"control crop exposed to pilot/insurance -> not a valid control from pilot year"
"spinach","2023","all",,"control crop exposed to pilot/insurance -> not a valid control from pilot year"
"spinach","2024","all",,"control crop exposed to pilot/insurance -> not a valid control from pilot year"
"large_green_onion","2019","all",,"control crop exposed to pilot/insurance -> not a valid control from pilot year"
"large_green_onion","2020","all",,"control crop exposed to pilot/insurance -> not a valid control from pilot year"
"large_green_onion","2021","all",,"control crop exposed to pilot/insurance -> not a valid control from pilot year"
"large_green_onion","2022","all",,"control crop exposed to pilot/insurance -> not a valid control from pilot year"
"large_green_onion","2023","all",,"control crop exposed to pilot/insurance -> not a valid control from pilot year"
"large_green_onion","2024","all",,"control crop exposed to pilot/insurance -> not a valid control from pilot year"
"small_green_onion","2019","all",,"control crop exposed to pilot/insurance -> not a valid control from pilot year"
"small_green_onion","2020","all",,"control crop exposed to pilot/insurance -> not a valid control from pilot year"
"small_green_onion","2021","all",,"control crop exposed to pilot/insurance -> not a valid control from pilot year"
"small_green_onion","2022","all",,"control crop exposed to pilot/insurance -> not a valid control from pilot year"
"small_green_onion","2023","all",,"control crop exposed to pilot/insurance -> not a valid control from pilot year"
"small_green_onion","2024","all",,"control crop exposed to pilot/insurance -> not a valid control from pilot year"
