"file","size_bytes","sha256","embedded_in_DATA_BUNDLE"
"01_fruit_total.xls","1937040","99be575280a5b1a55a2bfe48e7ea6861d1ddd381424c9531c54671ba6f4ab38a","FALSE"
"02_fruit_bearing.xlsx","57199","52b152deefc54629a85dd6b00f9be8bedf63e35391a92e570d4eb9b4a46ceb24","FALSE"
"03_rice.xlsx","65671","dd6ace60ab37f300c149fceaaa7996311acbe561285c960ff694b1895c0f8c02","FALSE"
"04_beans.xlsx","6402","b529456153b285614b90bbd1c692a9868938477af99f2f4f5a081a9a513791eb","FALSE"
"05_coarse_grains.xlsx","42884","4ea31c77065cbba1db24d6a0c99ec08030fbbdb23cde2a8857b4a432dd2bdd19","FALSE"
"06_potatoes.xlsx","68351","4b8bdce346243349fbf093c46ada167a04ca59f137b118c7c6acba65e8c8e9f0","FALSE"
"07_barley.xlsx","27448","6f09b9daca14821c6832594391b45f570eeef1114124ed1c154ff2ae2560f83d","FALSE"
"08_vegetables_spices.xls","2068118","fb300963a1538b36500dab6ecc44cf00d3b232a46b3ae893dbb8508e0e6167b5","FALSE"
"09_vegetables_leafy.xls","2680150","89c30b64b35c2b94d26ba39c14a1dff47367dfa2511eed7d4c77136de85d228f","FALSE"
"10_vegetables_root.xls","2940629","a869a6078826688217c651d52a1d6eb0e7a6afa4865eeaeaccd3a1478f898013","FALSE"
"11_farm_output_price_index.xlsx","45874","3b4b6d2a4bc083465b80bc05e63399a49a175ad21cdb8ddefc8b253cb1a4aa25","FALSE"
"apfs_crop_level_2023(1).csv","12051","0328a049286b910e46d08e184ed601955fae541c88ac5cec9dd55ba37f06f97f","TRUE"
"apfs_fruit_records_2024_audit(1).csv","329","81d63e82b3984ad66d7b891426d4ed1818c61d0cff756f8716f77ff73e87b420","TRUE"
"apfs_fruit_records_2024_by_crop(1).csv","4533","44f450f0cccaf7b8085ac524526b2035bab4cb73116bd7cb1cb9302a7f5a2997","TRUE"
"apfs_national_series(1).csv","2562","108d23db2c8cec9185ed8ab0cf2ed0ca4e4f061733e461f35aa13e50cbb39e15","TRUE"
"apfs_province_2023_2024(2).csv","6001","35e63e57bc1ddd3d3204044c0b968bfceb99ed97adf694d10e8246659f7dae83","TRUE"
"appendix_crop_nomenclature(1).csv","6031","a06de44d5e12975225f827509564baa0c8e096ef42ead3e77ee5fffb438f33f9","TRUE"
"ch5_master_panel_national_v2(2).csv","919062","5304ecba6688d769bfbc5c140f853b64de0c125accd128e87938eb1ed08bd9bc","TRUE"
"cohort_year_support(2).csv","66032","649e8f2ff5c1807ea467995f38aee988f7b7f31a24aad5f4f5875cf48843e551","TRUE"
"control_composition(2).csv","5309","fbe389884930624bb79c97d7edeacdb75a2e2ad558c2a0356667e9ff64f5cf68","TRUE"
"crop_crosswalk_production(1).csv","4015","57b87239ecc4d34a3e3d53afb5a3a766579cbed9d8e3ff546add0670829c6986","TRUE"
"dropped_observation_log(4).csv","12325","535e08e23b5cf05e967cb0947ea0a9e01a6fca640f8d25c86afda2e5a7b65958","TRUE"
"event_time_support(2).csv","4475","7ec4e33d55060c1acc4d3d01f3c5f245d10e55c0c7b6ddfaf55984bbd21523ea","TRUE"
"kosis_metadata(4).json","4723","8c30bca2ac3594a9b653cf54324261d2b5c669f8979e12e09bfe5910bc360215","TRUE"
"price_annual_panel(1).csv","492657","3945ca13b40fc5d6655b63149ebb1627234fda8b5678874810667374e2b6e374","TRUE"
"price_deflator_link(1).csv","160","f99ab80dce60a81a9694a951322cd63efbe71d7afb0d3bea38aeaa37d939d4de","TRUE"
"price_deflator_quarterly(1).csv","10929","49bb90824a65584bea77812eee84ef68722aa17f00119fdc8cb0865cf964aa42","FALSE"
"price_item_crosswalk(1).csv","2969","01f68387b4522756442bced58e0d684534e389138081eb1bd150333b57f230b1","TRUE"
"price_linked_quarterly(1).csv","1448918","0ed2ac432f36fc393af420e5bea556f5ceed2671764660daa6fe83f8fecac204","FALSE"
"price_linking_diagnostics(1).csv","15045","22c9f26ebe647dffd56b7462f52d429ffe0b1c8b0f70e07f3401717494c70042","TRUE"
"price_quarterly_raw_all_tables(1).csv","1177153","d8fbc575db8b142db830702bd1101b011cd1df1a39649ddb21f219262911beba","FALSE"
"treatment_coding_input(4).csv","8084","79ac08021e5f36504abf75fe5a7cff131e6c16a6a71583903df7379a4828a708","TRUE"
"농가판매가격지수_2005100__분기__품목별__20260927193919(2).xlsx","63904","a84c053262776405a4f9dab096e52598242bcb00fb32cf6f30af7df6fd54e9e3","FALSE"
"농업정책보험금융원_농작물재해보험 계약된 과수작물 세부현황_20241231.csv","28280881","5fd2b135f302b227463d6643e1474fefebeba85bb96cc72b0d403909807369b2","FALSE"
"농업정책보험금융원_농작물재해보험 연도별 가입 현황_20241231.csv","1966","2db534362c15ff24353670d330a30dafc83e22510cd7a21c0c670ccaef398eb0","TRUE"
"농업정책보험금융원_농작물재해보험 연도별 지급현황_20231231.csv","622","9c4634e7eb90654587bab887818681b5960313d2e1fcc9cd0a8fa5daed50be88","TRUE"
"농업정책보험금융원_농작물재해보험 품목별 가입 및 지급현황_20231231.csv","12057","aa7edf8cfe9972e76fedb218d0d82b1bc0b4a448630fdad945d6c43a3cf6b8a2","TRUE"
"특용작물생산량_20260927184000.xlsx","53107","85f2263b31bb659f18d1fc6689534871ac42164e61d1d454e3d0b855decc3b09","FALSE"
