"crop_id","crop_en_display","crop_ko_official","crop_form","crop_group","perennial","table_id","kosis_label","kosis_prod_label","kosis_production_label_original"
"apple","Apple","사과","total","fruit","1","DT_1ET0292","사과","사과","사과"
"pear","Pear","배","total","fruit","1","DT_1ET0292","배","배","배"
"sweet_persimmon","Sweet persimmon","단감","total","fruit","1","DT_1ET0292","단감","단감","단감"
"astringent_persimmon","Astringent persimmon","떫은감","total","fruit","1","DT_1ET0292","떫은감","떫은감","떫은감"
"tangerine","Tangerine","감귤","total","fruit","1","DT_1ET0292","감귤","감귤","감귤"
"peach","Peach","복숭아","total","fruit","1","DT_1ET0292","복숭아","복숭아","복숭아"
"grape","Grape","포도","total","fruit","1","DT_1ET0292","포도","포도","포도"
"plum","Plum","자두","total","fruit","1","DT_1ET0292","자두","자두","자두"
"green_plum","Green plum","매실","total","fruit","1","DT_1ET0292","매실","매실","매실"
"rice","Rice","벼","paddy","grain","0","DT_1ET0222","논벼","논벼:조곡","논벼"
"soybean","Soybean","콩","all","pulse","0","DT_1ET0025","콩","콩","콩"
"red_bean","Red bean","팥","all","pulse","0","DT_1ET0025","팥","팥","팥"
"mung_bean","Mung bean","녹두","all","pulse","0","DT_1ET0025","녹두","녹두","녹두"
"other_pulses","Other pulses","기타두류","all","pulse","0","DT_1ET0025","기타두류","기타두류","기타두류"
"corn","Corn","옥수수","all","grain","0","DT_1ET0024","옥수수","옥수수","옥수수"
"sweet_potato","Sweet potato","고구마","all","tuber","0","DT_1ET0026","고구마","고구마","고구마"
"spring_potato","Spring potato","봄감자","spring","tuber","0","DT_1ET0026","일반봄감자","일반봄감자","일반봄감자"
"highland_potato","Highland potato","고랭지감자","highland","tuber","0","DT_1ET0026","고랭지감자","고랭지감자","고랭지감자"
"autumn_potato","Autumn potato","가을감자","autumn","tuber","0","DT_1ET0026","가을감자","가을감자","가을감자"
"barley","Barley","보리","hulled+naked","grain","0","DT_1ET0231","겉보리,쌀보리","겉보리,쌀보리","겉보리,쌀보리"
"malting_barley","Malting barley","맥주보리","malting","grain","0","DT_1ET0231","맥주보리","맥주보리","맥주보리"
"wheat","Wheat","밀","all","grain","0","DT_1ET0231","밀","밀","밀"
"spring_radish","Spring radish","봄무","spring","vegetable","0","DT_1ET0029","일반봄무","일반봄무","일반봄무"
"highland_radish","Highland radish","고랭지무","highland","vegetable","0","DT_1ET0029","고랭지무","고랭지무","고랭지무"
"autumn_radish","Autumn radish","가을무","autumn","vegetable","0","DT_1ET0029","노지가을무","노지가을무","노지가을무"
"winter_radish","Winter radish","월동무","winter","vegetable","0","DT_1ET0029","노지겨울무","노지겨울무","노지겨울무"
"carrot","Carrot","당근","all","vegetable","0","DT_1ET0029","당근","당근","당근"
"spring_napa","Spring napa cabbage","봄배추","spring","vegetable","0","DT_1ET0028","일반봄배추","일반봄배추","일반봄배추"
"highland_napa","Highland napa cabbage","고랭지배추","highland","vegetable","0","DT_1ET0028","고랭지배추","고랭지배추","고랭지배추"
"autumn_napa","Autumn napa cabbage","가을배추","autumn","vegetable","0","DT_1ET0028","노지가을배추","노지가을배추","노지가을배추"
"winter_napa","Winter napa cabbage","월동배추","winter","vegetable","0","DT_1ET0028","노지겨울배추","노지겨울배추","노지겨울배추"
"cabbage","Cabbage","양배추","all","vegetable","0","DT_1ET0028","양배추","양배추","양배추"
"spinach","Spinach","시금치","open-field","vegetable","0","DT_1ET0028","노지시금치","노지시금치","노지시금치"
"leaf_lettuce","Leaf lettuce","상추","open-field","vegetable","0","DT_1ET0028","노지상추","노지상추","노지상추"
"red_pepper","Red pepper","고추","open-field (dried)","vegetable","0","DT_1ET0291","건고추","건고추","건고추"
"large_green_onion","Large green onion","대파","open-field","vegetable","0","DT_1ET0291","노지대파","노지대파","노지대파"
"small_green_onion","Small green onion","쪽파","open-field","vegetable","0","DT_1ET0291","노지쪽파","노지쪽파","노지쪽파"
"onion","Onion","양파","all","vegetable","0","DT_1ET0291","양파","양파","양파"
"garlic","Garlic","마늘","all","vegetable","0","DT_1ET0291","마늘","마늘","마늘"
"ginger","Ginger","생강","all","vegetable","0","DT_1ET0291","생강","생강","생강"
"sesame","Sesame","참깨","all","special","0","DT_1ET0293","참깨","참깨","참깨"
"perilla","Perilla","들깨","all","special","0","DT_1ET0293","들깨","들깨","들깨"
"peanut","Peanut","땅콩","all","special","0","DT_1ET0293","땅콩","땅콩","땅콩"
