outcome,event_time,period,est,ci_lo_wild,ci_hi_wild,n_treated,n_ctrl_min,n_ctrl_max
ln_area,-12,clean pre-pilot (placebo),-0.233807784390289,-0.461056186845834,-0.00655938193474459,7,22,28
ln_area,-11,clean pre-pilot (placebo),-0.146527306033543,-0.296679754258486,0.00362514219140064,7,22,28
ln_area,-10,clean pre-pilot (placebo),-0.155449058578738,-0.29820900807488,-0.0126891090825965,7,22,28
ln_area,-9,clean pre-pilot (placebo),-0.129951738453686,-0.251959492286123,-0.00794398462124978,7,22,28
ln_area,-8,clean pre-pilot (placebo),-0.000663470318408257,-0.160076811847978,0.158749871211161,6,22,28
ln_area,-7,clean pre-pilot (placebo),-0.00779705769543256,-0.1551587475002,0.139564632109335,6,22,28
ln_area,-6,clean pre-pilot (placebo),0.0326784217696212,-0.0518457232340291,0.117202566773272,5,22,28
ln_area,-5,clean pre-pilot (placebo),0.116459209164212,-0.0148859804554813,0.247804398783906,2,22,25
ln_area,0,after nationwide availability,0.122307552101744,-0.158538679571648,0.403153783775136,7,22,22
ln_area,1,after nationwide availability,0.0269104003899807,-0.228334741158635,0.282155541938596,7,22,22
ln_area,2,after nationwide availability,-0.00916146281392737,-0.298163603910977,0.279840678283122,7,20,22
ln_area,3,after nationwide availability,-0.053453008273364,-0.339989649973802,0.233083633427074,7,20,22
ln_area,4,after nationwide availability,0.00383857339100969,-0.250723143505907,0.258400290287927,7,15,22
ln_area,5,after nationwide availability,0.0386927944196588,-0.208062617365077,0.285448206204395,7,14,20
ln_area,6,after nationwide availability,0.163856127023042,-0.143571820588971,0.471284074635055,7,11,20
ln_area,7,after nationwide availability,0.166470696340412,-0.138529860390639,0.471471253071462,7,10,15
ln_area,8,after nationwide availability,0.0363058939713401,-0.272809022640857,0.345420810583537,7,10,14
ln_area,9,after nationwide availability,-0.0115768333548756,-0.354199636985702,0.331045970275951,7,8,11
ln_production,-12,clean pre-pilot (placebo),-0.298871165781541,-0.543018530165484,-0.0547238013975979,7,22,28
ln_production,-11,clean pre-pilot (placebo),-0.149617943897442,-0.282207782523963,-0.0170281052709219,7,22,28
ln_production,-10,clean pre-pilot (placebo),-0.161208554610214,-0.289403101382731,-0.0330140078376973,7,22,28
ln_production,-9,clean pre-pilot (placebo),-0.177820391286999,-0.328176745257432,-0.0274640373165662,7,22,28
ln_production,-8,clean pre-pilot (placebo),-0.0143359654233054,-0.182175774828218,0.153503843981607,6,22,28
ln_production,-7,clean pre-pilot (placebo),0.000837809698054512,-0.180509930605645,0.182185550001754,6,22,28
ln_production,-6,clean pre-pilot (placebo),0.0378958468606773,-0.103177534200073,0.178969227921428,5,22,28
ln_production,-5,clean pre-pilot (placebo),0.108284506074553,-0.0419795847454494,0.258548596894555,2,22,25
ln_production,0,after nationwide availability,0.140477693098553,-0.14200979315868,0.422965179355785,7,22,22
ln_production,1,after nationwide availability,0.057782092742105,-0.226412543736965,0.341976729221175,7,22,22
ln_production,2,after nationwide availability,-0.0499162024974208,-0.415642882254487,0.315810477259645,7,20,22
ln_production,3,after nationwide availability,-0.0543686488742382,-0.369869235767873,0.261131938019397,7,20,22
ln_production,4,after nationwide availability,-0.085439990190268,-0.372428736049216,0.20154875566868,7,15,22
ln_production,5,after nationwide availability,-0.0538103787518077,-0.338923284501412,0.231302526997797,7,14,20
ln_production,6,after nationwide availability,0.138579365988115,-0.167647548575073,0.444806280551303,7,11,20
ln_production,7,after nationwide availability,0.157752241305703,-0.22270019105491,0.538204673666316,7,10,15
ln_production,8,after nationwide availability,0.00245902604040664,-0.385183346447402,0.390101398528215,7,10,14
ln_production,9,after nationwide availability,-0.0546825312395641,-0.491356266639652,0.381991204160523,7,8,11
ln_yield,-12,clean pre-pilot (placebo),-0.0663400840968725,-0.180608596640908,0.0479284284471625,7,22,28
ln_yield,-11,clean pre-pilot (placebo),-0.00405750555834223,-0.0952709030387359,0.0871558919220514,7,22,28
ln_yield,-10,clean pre-pilot (placebo),-0.00608228440887151,-0.0779551064464955,0.0657905376287524,7,22,28
ln_yield,-9,clean pre-pilot (placebo),-0.0476068104145535,-0.15062860982036,0.0554149889912527,7,22,28
ln_yield,-8,clean pre-pilot (placebo),-0.0135967616183906,-0.0727678507621224,0.0455743275253412,6,22,28
ln_yield,-7,clean pre-pilot (placebo),0.00860471467850203,-0.0600521599226346,0.0772615892796387,6,22,28
ln_yield,-6,clean pre-pilot (placebo),0.00500358302512776,-0.0680210023267886,0.0780281683770442,5,22,28
ln_yield,-5,clean pre-pilot (placebo),-0.00782944054885646,-0.0644684483070911,0.0488095672093782,2,22,25
ln_yield,0,after nationwide availability,0.0187052099912005,-0.0474452315065778,0.0848556514889789,7,22,22
ln_yield,1,after nationwide availability,0.0314296474137139,-0.0634758850147758,0.126335179842204,7,22,22
ln_yield,2,after nationwide availability,-0.0399087183104654,-0.168887222883235,0.0890697862623045,7,20,22
ln_yield,3,after nationwide availability,-0.000715595311042434,-0.099902425412743,0.0984712347906581,7,20,22
ln_yield,4,after nationwide availability,-0.0890331876647768,-0.187066207259463,0.00899983192990914,7,15,22
ln_yield,5,after nationwide availability,-0.0923058205930347,-0.230443286753985,0.0458316455679154,7,14,20
ln_yield,6,after nationwide availability,-0.0253054583311372,-0.12692864799331,0.0763177313310354,7,11,20
ln_yield,7,after nationwide availability,-0.00893772518092092,-0.172313783468882,0.154438333107041,7,10,15
ln_yield,8,after nationwide availability,-0.0341939201893971,-0.194959118793327,0.126571278414533,7,10,14
ln_yield,9,after nationwide availability,-0.0437869788762225,-0.241243123308058,0.153669165555613,7,8,11
