spec_internal,outcome_internal,est,lo,hi
CS-A (preferred),ln_area,0.0484190733195,-0.212778074560528,0.309616221199528
CS-A (preferred),ln_production,0.0198832667621557,-0.287362592675304,0.327129126199615
CS-A (preferred),ln_yield,-0.0284052547052099,-0.131777070129044,0.0749665607186242
"Controls: excl. likely spillover (leaf lettuce, spinach, malting barley)",ln_area,-0.00491195604977481,-0.277048179006981,0.267224266907431
"Controls: excl. likely spillover (leaf lettuce, spinach, malting barley)",ln_production,-0.054720297732417,-0.358892322786812,0.249451727321978
"Controls: excl. likely spillover (leaf lettuce, spinach, malting barley)",ln_yield,-0.049636937287085,-0.157861337529923,0.0585874629557533
Controls: excl. other pulses,ln_area,0.0659090652324396,-0.205026964214645,0.336845094679524
Controls: excl. other pulses,ln_production,0.0506920732327676,-0.256427473558746,0.357811620024281
Controls: excl. other pulses,ln_yield,-0.0151588130835553,-0.118067717544,0.0877500913768898
Controls: excl. uncertain seasonal forms,ln_area,-0.0820799196772455,-0.368127580498149,0.203967741143658
Controls: excl. uncertain seasonal forms,ln_production,-0.10459875181614,-0.454490231933075,0.245292728300794
Controls: excl. uncertain seasonal forms,ln_yield,-0.0223322884683495,-0.148138520460519,0.10347394352382
Controls: field crops only,ln_area,-0.0539960463274873,-0.406143600410198,0.298151507755223
Controls: field crops only,ln_production,-0.0912904901035587,-0.528975139689506,0.346394159482389
Controls: field crops only,ln_yield,-0.0372150326400775,-0.188633066210614,0.114203000930459
Dates: pilot-year clock (no transition exclusion),ln_area,0.0344855240202949,-0.184810273527049,0.253781321567639
Dates: pilot-year clock (no transition exclusion),ln_production,0.0166823574353313,-0.224675256101297,0.258039970971959
Dates: pilot-year clock (no transition exclusion),ln_yield,-0.017787658045695,-0.101863602260028,0.0662882861686381
Dates: product-table nationwide year,ln_area,0.061689286495274,-0.198032665096595,0.321411238087143
Dates: product-table nationwide year,ln_production,0.0363978021773132,-0.257007987975941,0.329803592330568
Dates: product-table nationwide year,ln_yield,-0.0251278328995376,-0.121741519271298,0.0714858534722231
Leave out cohort 2012,ln_area,0.0173864847058198,-0.273962878006344,0.308735847417983
Leave out cohort 2012,ln_production,-0.0611151229534555,-0.390831012680232,0.268600766773321
Leave out cohort 2012,ln_yield,-0.0782094979014137,-0.176874634879343,0.0204556390765159
Leave out cohort 2013,ln_area,-0.0618787929297586,-0.45690923627043,0.333151650410913
Leave out cohort 2013,ln_production,-0.0688623364368176,-0.568878271437321,0.431153598563686
Leave out cohort 2013,ln_yield,-0.00722325806460847,-0.18375532041886,0.169308804289643
Leave out cohort 2015,ln_area,0.129428496955537,-0.107718142373661,0.366575136284735
Leave out cohort 2015,ln_production,0.131754726457995,-0.10514417433767,0.368653627253659
Leave out cohort 2015,ln_yield,0.00250728297133216,-0.0931483164173281,0.0981628823599924
