year,area_city,yield,prod
1996,6033,669,"40,334"
1997,6181,664,"41,067"
1998,6128,573,"35,121"
1999,6172,616,"388,024"
2000,6180,596,"36,828"
2001,6069,673,"40,841"
2002,5836,507,"29,597"
2003,5649,559,"31,592"
2004,5296,704,"37,072"
2005,5136,640,"32,849"
2006,5368,662,"35,516"
2007,5343,636,"33,965"
2008,5435,714,"38,806"
2009,5544,669,"37,082"
2010,4672,660,"30,818"
2011,4410,674,"29,710"
2012,4451,653,"29,081"
2013,4346,677,"29,430"
2014,3948,662,"26,149"
2015,4023,711,"28,616"
2016,3602,701,"25,267"
2017,3560,708,"25,217"
2018,3459,695,"24,028"
2019,3479,684,"23,786"
2020,3337,651,"21,732"
2021,2966,710,"21,070"
2022,3025,690,"20,890"
2023,3102,685,"21,237"
2024,3203,667,"21,345"
2025,3211,681,"21,865"
