event_time,sample,outcome,n_treated,controls_min,controls_max,distinct_controls,treated_crops
-12,annual,ln_area,7,22,28,29,soybean;onion;sweet_potato;corn;garlic;spring_potato;red_pepper
-11,annual,ln_area,7,22,28,29,soybean;onion;sweet_potato;corn;garlic;spring_potato;red_pepper
-10,annual,ln_area,7,22,28,29,soybean;onion;sweet_potato;corn;garlic;spring_potato;red_pepper
-9,annual,ln_area,7,22,28,29,soybean;onion;sweet_potato;corn;garlic;spring_potato;red_pepper
-8,annual,ln_area,6,22,28,29,soybean;onion;sweet_potato;corn;garlic;spring_potato
-7,annual,ln_area,6,22,28,29,soybean;onion;sweet_potato;corn;garlic;spring_potato
-6,annual,ln_area,5,22,28,28,soybean;onion;sweet_potato;corn;garlic
-5,annual,ln_area,2,22,25,25,onion;garlic
0,annual,ln_area,7,22,22,22,soybean;onion;sweet_potato;corn;garlic;spring_potato;red_pepper
1,annual,ln_area,7,22,22,22,soybean;onion;sweet_potato;corn;garlic;spring_potato;red_pepper
2,annual,ln_area,7,20,22,22,soybean;onion;sweet_potato;corn;garlic;spring_potato;red_pepper
3,annual,ln_area,7,20,22,22,soybean;onion;sweet_potato;corn;garlic;spring_potato;red_pepper
4,annual,ln_area,7,15,22,22,soybean;onion;sweet_potato;corn;garlic;spring_potato;red_pepper
5,annual,ln_area,7,14,20,20,soybean;onion;sweet_potato;corn;garlic;spring_potato;red_pepper
6,annual,ln_area,7,11,20,20,soybean;onion;sweet_potato;corn;garlic;spring_potato;red_pepper
7,annual,ln_area,7,10,15,15,soybean;onion;sweet_potato;corn;garlic;spring_potato;red_pepper
8,annual,ln_area,7,10,14,14,soybean;onion;sweet_potato;corn;garlic;spring_potato;red_pepper
9,annual,ln_area,7,8,11,11,soybean;onion;sweet_potato;corn;garlic;spring_potato;red_pepper
-12,annual,ln_yield,7,22,28,29,soybean;onion;sweet_potato;corn;garlic;spring_potato;red_pepper
-11,annual,ln_yield,7,22,28,29,soybean;onion;sweet_potato;corn;garlic;spring_potato;red_pepper
-10,annual,ln_yield,7,22,28,29,soybean;onion;sweet_potato;corn;garlic;spring_potato;red_pepper
-9,annual,ln_yield,7,22,28,29,soybean;onion;sweet_potato;corn;garlic;spring_potato;red_pepper
-8,annual,ln_yield,6,22,28,29,soybean;onion;sweet_potato;corn;garlic;spring_potato
-7,annual,ln_yield,6,22,28,29,soybean;onion;sweet_potato;corn;garlic;spring_potato
-6,annual,ln_yield,5,22,28,28,soybean;onion;sweet_potato;corn;garlic
-5,annual,ln_yield,2,22,25,25,onion;garlic
0,annual,ln_yield,7,22,22,22,soybean;onion;sweet_potato;corn;garlic;spring_potato;red_pepper
1,annual,ln_yield,7,22,22,22,soybean;onion;sweet_potato;corn;garlic;spring_potato;red_pepper
2,annual,ln_yield,7,20,22,22,soybean;onion;sweet_potato;corn;garlic;spring_potato;red_pepper
3,annual,ln_yield,7,20,22,22,soybean;onion;sweet_potato;corn;garlic;spring_potato;red_pepper
4,annual,ln_yield,7,15,22,22,soybean;onion;sweet_potato;corn;garlic;spring_potato;red_pepper
5,annual,ln_yield,7,14,20,20,soybean;onion;sweet_potato;corn;garlic;spring_potato;red_pepper
6,annual,ln_yield,7,11,20,20,soybean;onion;sweet_potato;corn;garlic;spring_potato;red_pepper
7,annual,ln_yield,7,10,15,15,soybean;onion;sweet_potato;corn;garlic;spring_potato;red_pepper
8,annual,ln_yield,7,10,14,14,soybean;onion;sweet_potato;corn;garlic;spring_potato;red_pepper
9,annual,ln_yield,7,8,11,11,soybean;onion;sweet_potato;corn;garlic;spring_potato;red_pepper
-12,annual,ln_production,7,22,28,29,soybean;onion;sweet_potato;corn;garlic;spring_potato;red_pepper
-11,annual,ln_production,7,22,28,29,soybean;onion;sweet_potato;corn;garlic;spring_potato;red_pepper
-10,annual,ln_production,7,22,28,29,soybean;onion;sweet_potato;corn;garlic;spring_potato;red_pepper
-9,annual,ln_production,7,22,28,29,soybean;onion;sweet_potato;corn;garlic;spring_potato;red_pepper
-8,annual,ln_production,6,22,28,29,soybean;onion;sweet_potato;corn;garlic;spring_potato
-7,annual,ln_production,6,22,28,29,soybean;onion;sweet_potato;corn;garlic;spring_potato
-6,annual,ln_production,5,22,28,28,soybean;onion;sweet_potato;corn;garlic
-5,annual,ln_production,2,22,25,25,onion;garlic
0,annual,ln_production,7,22,22,22,soybean;onion;sweet_potato;corn;garlic;spring_potato;red_pepper
1,annual,ln_production,7,22,22,22,soybean;onion;sweet_potato;corn;garlic;spring_potato;red_pepper
2,annual,ln_production,7,20,22,22,soybean;onion;sweet_potato;corn;garlic;spring_potato;red_pepper
3,annual,ln_production,7,20,22,22,soybean;onion;sweet_potato;corn;garlic;spring_potato;red_pepper
4,annual,ln_production,7,15,22,22,soybean;onion;sweet_potato;corn;garlic;spring_potato;red_pepper
5,annual,ln_production,7,14,20,20,soybean;onion;sweet_potato;corn;garlic;spring_potato;red_pepper
6,annual,ln_production,7,11,20,20,soybean;onion;sweet_potato;corn;garlic;spring_potato;red_pepper
7,annual,ln_production,7,10,15,15,soybean;onion;sweet_potato;corn;garlic;spring_potato;red_pepper
8,annual,ln_production,7,10,14,14,soybean;onion;sweet_potato;corn;garlic;spring_potato;red_pepper
9,annual,ln_production,7,8,11,11,soybean;onion;sweet_potato;corn;garlic;spring_potato;red_pepper
-12,fruit,ln_area_harmonized,4,28,30,33,apple;pear;tangerine;plum
-11,fruit,ln_area_harmonized,4,28,30,33,apple;pear;tangerine;plum
-10,fruit,ln_area_harmonized,5,28,30,33,apple;pear;tangerine;astringent_persimmon;plum
-9,fruit,ln_area_harmonized,5,28,30,33,apple;pear;tangerine;astringent_persimmon;plum
-8,fruit,ln_area_harmonized,5,28,30,33,apple;pear;tangerine;astringent_persimmon;plum
-7,fruit,ln_area_harmonized,5,28,30,33,apple;pear;tangerine;astringent_persimmon;plum
-6,fruit,ln_area_harmonized,6,29,30,35,apple;pear;tangerine;sweet_persimmon;astringent_persimmon;plum
-5,fruit,ln_area_harmonized,5,30,32,35,apple;pear;tangerine;sweet_persimmon;astringent_persimmon
-4,fruit,ln_area_harmonized,5,30,32,35,apple;pear;tangerine;sweet_persimmon;astringent_persimmon
0,fruit,ln_area_harmonized,6,22,31,31,apple;pear;tangerine;sweet_persimmon;astringent_persimmon;plum
1,fruit,ln_area_harmonized,6,22,31,31,apple;pear;tangerine;sweet_persimmon;astringent_persimmon;plum
2,fruit,ln_area_harmonized,6,22,31,31,apple;pear;tangerine;sweet_persimmon;astringent_persimmon;plum
3,fruit,ln_area_harmonized,6,22,30,30,apple;pear;tangerine;sweet_persimmon;astringent_persimmon;plum
4,fruit,ln_area_harmonized,6,22,30,30,apple;pear;tangerine;sweet_persimmon;astringent_persimmon;plum
5,fruit,ln_area_harmonized,6,20,26,26,apple;pear;tangerine;sweet_persimmon;astringent_persimmon;plum
6,fruit,ln_area_harmonized,6,20,23,23,apple;pear;tangerine;sweet_persimmon;astringent_persimmon;plum
7,fruit,ln_area_harmonized,6,15,22,22,apple;pear;tangerine;sweet_persimmon;astringent_persimmon;plum
8,fruit,ln_area_harmonized,6,14,22,22,apple;pear;tangerine;sweet_persimmon;astringent_persimmon;plum
9,fruit,ln_area_harmonized,6,11,22,22,apple;pear;tangerine;sweet_persimmon;astringent_persimmon;plum
-12,fruit,ln_production,4,28,30,33,apple;pear;tangerine;plum
-11,fruit,ln_production,4,28,30,33,apple;pear;tangerine;plum
-10,fruit,ln_production,5,28,30,33,apple;pear;tangerine;astringent_persimmon;plum
-9,fruit,ln_production,5,28,30,33,apple;pear;tangerine;astringent_persimmon;plum
-8,fruit,ln_production,5,28,30,33,apple;pear;tangerine;astringent_persimmon;plum
-7,fruit,ln_production,5,28,30,33,apple;pear;tangerine;astringent_persimmon;plum
-6,fruit,ln_production,6,29,30,35,apple;pear;tangerine;sweet_persimmon;astringent_persimmon;plum
-5,fruit,ln_production,5,30,32,35,apple;pear;tangerine;sweet_persimmon;astringent_persimmon
-4,fruit,ln_production,5,30,32,35,apple;pear;tangerine;sweet_persimmon;astringent_persimmon
0,fruit,ln_production,6,22,31,31,apple;pear;tangerine;sweet_persimmon;astringent_persimmon;plum
1,fruit,ln_production,6,22,31,31,apple;pear;tangerine;sweet_persimmon;astringent_persimmon;plum
2,fruit,ln_production,6,22,31,31,apple;pear;tangerine;sweet_persimmon;astringent_persimmon;plum
3,fruit,ln_production,6,22,30,30,apple;pear;tangerine;sweet_persimmon;astringent_persimmon;plum
4,fruit,ln_production,6,22,30,30,apple;pear;tangerine;sweet_persimmon;astringent_persimmon;plum
5,fruit,ln_production,6,20,26,26,apple;pear;tangerine;sweet_persimmon;astringent_persimmon;plum
6,fruit,ln_production,6,20,23,23,apple;pear;tangerine;sweet_persimmon;astringent_persimmon;plum
7,fruit,ln_production,6,15,22,22,apple;pear;tangerine;sweet_persimmon;astringent_persimmon;plum
8,fruit,ln_production,6,14,22,22,apple;pear;tangerine;sweet_persimmon;astringent_persimmon;plum
9,fruit,ln_production,6,11,22,22,apple;pear;tangerine;sweet_persimmon;astringent_persimmon;plum
-12,price,ln_real_linked,4,7,10,10,onion;sweet_potato;garlic;red_pepper
-11,price,ln_real_linked,4,7,10,10,onion;sweet_potato;garlic;red_pepper
-10,price,ln_real_linked,4,7,10,10,onion;sweet_potato;garlic;red_pepper
-9,price,ln_real_linked,4,7,10,10,onion;sweet_potato;garlic;red_pepper
-8,price,ln_real_linked,3,7,9,10,onion;sweet_potato;garlic
-7,price,ln_real_linked,3,7,9,10,onion;sweet_potato;garlic
-6,price,ln_real_linked,3,7,9,10,onion;sweet_potato;garlic
-5,price,ln_real_linked,2,7,9,9,onion;garlic
0,price,ln_real_linked,4,7,7,7,onion;sweet_potato;garlic;red_pepper
1,price,ln_real_linked,4,7,7,7,onion;sweet_potato;garlic;red_pepper
2,price,ln_real_linked,4,6,7,7,onion;sweet_potato;garlic;red_pepper
3,price,ln_real_linked,4,6,7,7,onion;sweet_potato;garlic;red_pepper
4,price,ln_real_linked,4,5,7,7,onion;sweet_potato;garlic;red_pepper
5,price,ln_real_linked,4,4,6,6,onion;sweet_potato;garlic;red_pepper
6,price,ln_real_linked,4,4,6,6,onion;sweet_potato;garlic;red_pepper
7,price,ln_real_linked,4,4,5,5,onion;sweet_potato;garlic;red_pepper
8,price,ln_real_linked,4,4,4,4,onion;sweet_potato;garlic;red_pepper
9,price,ln_real_linked,4,4,4,4,onion;sweet_potato;garlic;red_pepper
