table,spec_thesis,outcome_thesis,event_time,est,se_cluster,ci_lo,ci_hi,p_wild,G,n_treated,replication_status
summary,"Approximate matches included (+ all-potato, pooled vegetable items)",Log relative farm-gate price index (linked),,-0.145121084129228,0.103510319931606,-0.340765862851802,0.0505236945933467,0.1533,17,5,REPLICATED
summary,"Custom group-time DiD, final clean pre-pilot year: main price sample",Log relative farm-gate price index (linked),,-0.118062018898317,0.0924666350776857,-0.288555225968461,0.0524311881718265,0.1836,11,4,REPLICATED
summary,"Custom group-time DiD, mean of all clean pre-pilot years: main price sample",Log relative farm-gate price index (linked),,-0.0190631339984608,0.194036369338354,-0.376570295967129,0.338444027970208,0.9175,10,4,REPLICATED
summary,Leave out Garlic,Log relative farm-gate price index (linked),,-0.146136160103258,0.1203553978653,-0.363830869091362,0.0715585488848464,0.213,10,3,REPLICATED
summary,Leave out Onion,Log relative farm-gate price index (linked),,-0.0908951460243144,0.0916401719550611,-0.261456374444379,0.0796660823957499,0.3165,10,3,REPLICATED
summary,Leave out Red pepper,Log relative farm-gate price index (linked),,-0.132072913766749,0.0785616138338441,-0.277191055813294,0.013045228279795,0.0789,10,3,REPLICATED
summary,Leave out Sweet potato,Log relative farm-gate price index (linked),,-0.103143855698949,0.101710762591786,-0.288704038662635,0.0824163272647364,0.2999,10,3,REPLICATED
summary,Link window 2005-2006,Log relative farm-gate price index (linked),,-0.118062018898317,0.0925060519393749,-0.291377996896373,0.0552539590997386,0.1927,11,4,REPLICATED
summary,Link window 2010-2012,Log relative farm-gate price index (linked),,-0.118062018898317,0.0924012076847097,-0.29110871596672,0.0549846781700854,0.1894,11,4,REPLICATED
summary,New series only 2005-2024 (6 exact crops),Log relative farm-gate price index (2005-2024 series),,-0.165832902127559,0.151415368195559,-0.447308516232206,0.115642711977087,0.2687,13,6,REPLICATED
summary,New series only 2005-2024 (main 4 crops),Log relative farm-gate price index (2005-2024 series),,-0.118062018898317,0.0935625048790337,-0.291734400524626,0.0556103627279911,0.1944,11,4,REPLICATED
summary,Strict sample (both linking rules),Log relative farm-gate price index (linked),,-0.0514357244941595,0.0970684135890524,-0.230679960463633,0.127808511475314,0.6107,7,2,REPLICATED
summary,"Static TWFE, clean cells (benchmark only)",Log relative farm-gate price index (linked),,-0.055007885336628,0.185274630878533,,,0.7645,11,4,REPLICATED
dynamic (main sample),"Custom group-time DiD, final clean pre-pilot year: main price sample",Log relative farm-gate price index (linked),-12,-0.183649171519658,0.178778494408941,-0.514395554005023,0.147097210965708,0.2944,11,4,REPLICATED
dynamic (main sample),"Custom group-time DiD, final clean pre-pilot year: main price sample",Log relative farm-gate price index (linked),-11,-0.189459238058419,0.145628487514644,-0.456669151946647,0.0777506758298102,0.1871,11,4,REPLICATED
dynamic (main sample),"Custom group-time DiD, final clean pre-pilot year: main price sample",Log relative farm-gate price index (linked),-10,-0.162926441415559,0.154635891772951,-0.448913676474648,0.123060793643529,0.2929,11,4,REPLICATED
dynamic (main sample),"Custom group-time DiD, final clean pre-pilot year: main price sample",Log relative farm-gate price index (linked),-9,0.000360330191130909,0.152525948970305,-0.27916414156111,0.279884801943372,0.9987,11,4,REPLICATED
dynamic (main sample),"Custom group-time DiD, final clean pre-pilot year: main price sample",Log relative farm-gate price index (linked),-8,-0.146333445344901,0.151622266078668,-0.428048956409922,0.13538206572012,0.3327,10,3,REPLICATED
dynamic (main sample),"Custom group-time DiD, final clean pre-pilot year: main price sample",Log relative farm-gate price index (linked),-7,-0.0886957076994919,0.0965608690356584,-0.265106673021767,0.0877152576227828,0.3709,10,3,REPLICATED
dynamic (main sample),"Custom group-time DiD, final clean pre-pilot year: main price sample",Log relative farm-gate price index (linked),-6,0.0433856110933926,0.112167682508637,-0.154484373360344,0.241255595547129,0.7246,10,3,REPLICATED
dynamic (main sample),"Custom group-time DiD, final clean pre-pilot year: main price sample",Log relative farm-gate price index (linked),-5,-0.291972305961773,0.239592793764157,-0.683756676707907,0.0998120647843601,0.2457,10,2,REPLICATED
dynamic (main sample),"Custom group-time DiD, final clean pre-pilot year: main price sample",Log relative farm-gate price index (linked),0,-0.171685355923177,0.0979446561532712,-0.353321192178083,0.0099504803317276,0.0653,11,4,REPLICATED
dynamic (main sample),"Custom group-time DiD, final clean pre-pilot year: main price sample",Log relative farm-gate price index (linked),1,-0.196588011729926,0.102193279315607,-0.383854253528454,-0.00932176993139827,0.037,11,4,REPLICATED
dynamic (main sample),"Custom group-time DiD, final clean pre-pilot year: main price sample",Log relative farm-gate price index (linked),2,0.0113439088793657,0.0997135483820277,-0.173841889208951,0.196529706967682,0.9126,11,4,REPLICATED
dynamic (main sample),"Custom group-time DiD, final clean pre-pilot year: main price sample",Log relative farm-gate price index (linked),3,0.130329789859453,0.13986417055851,-0.126427034073556,0.387086613792462,0.3397,11,4,REPLICATED
dynamic (main sample),"Custom group-time DiD, final clean pre-pilot year: main price sample",Log relative farm-gate price index (linked),4,0.0444532440831546,0.121106449333335,-0.175502292608063,0.264408780774373,0.7133,11,4,REPLICATED
dynamic (main sample),"Custom group-time DiD, final clean pre-pilot year: main price sample",Log relative farm-gate price index (linked),5,0.0620554940375343,0.131921165130732,-0.178659784909346,0.302770772984415,0.6309,10,4,REPLICATED
dynamic (main sample),"Custom group-time DiD, final clean pre-pilot year: main price sample",Log relative farm-gate price index (linked),6,-0.300066887479106,0.172807341794846,-0.617004361936104,0.0168705869778914,0.0645,10,4,REPLICATED
dynamic (main sample),"Custom group-time DiD, final clean pre-pilot year: main price sample",Log relative farm-gate price index (linked),7,-0.36053344649148,0.235906902236328,-0.788332617035559,0.0672657240525984,0.1078,9,4,REPLICATED
dynamic (main sample),"Custom group-time DiD, final clean pre-pilot year: main price sample",Log relative farm-gate price index (linked),8,-0.149378573454334,0.119870123736812,-0.364326530600007,0.0655693836913401,0.1907,8,4,REPLICATED
dynamic (main sample),"Custom group-time DiD, final clean pre-pilot year: main price sample",Log relative farm-gate price index (linked),9,-0.250550350764662,0.135769940237086,-0.49481754771558,-0.00628315381374373,0.0447,8,4,REPLICATED
comparison: nominal (undivided) crop index; numerically almost identical to the relative-price estimate,Main price sample on nominal linked crop index (not a thesis estimate),Log nominal farm-gate price index (linked),,-0.117974394280925,0.0923751384943847,-0.290272829820087,0.0543240412582362,0.19083,11,4,R-only audit check
