,,2009,2011
pre_mean_rice,mean,14425.058823529413,13665.62962962963
pre_mean_rice,median,15031.222222222223,14006.555555555555
pre_mean_rice,min,5587.222222222223,11199.111111111111
pre_mean_rice,max,23311.0,16998.0
mean_log_share,mean,-0.4105163765780073,-0.45905380615106356
mean_log_share,median,-0.3880472426677708,-0.4667048467092037
mean_log_share,min,-0.752551416485888,-0.6108987725589373
mean_log_share,max,-0.20215950012415773,-0.3552532830658595
mean_log_paddyuse,mean,-0.09270645285464131,-0.06527473006034556
mean_log_paddyuse,median,-0.06589073405717959,-0.05659797702603653
mean_log_paddyuse,min,-0.2804813274104732,-0.09359994591204367
mean_log_paddyuse,max,-0.026417882854187887,-0.03923754012407279
pre_slope_log_rice,mean,-0.011024591466007545,-0.010899915723704755
pre_slope_log_rice,median,-0.012464129996281222,-0.010902810616187857
pre_slope_log_rice,min,-0.03129518546591041,-0.024885686110321846
pre_slope_log_rice,max,0.011131670753068262,0.0023360650311226605
pre_slope_log_share,mean,-0.004025318612598027,-0.003162691254922098
pre_slope_log_share,median,-0.0034618900516968118,-0.003591001870127953
pre_slope_log_share,min,-0.011949486516313392,-0.008692517792610857
pre_slope_log_share,max,0.003911138531128563,0.007782335731821816
