id,cohort,year,rice,paddy,dlog_rice,dlog_paddy
CB_단양군,2012,2010,410.0,535.0,-0.27726211914812726,-0.06336961393258989
CN_금산군,2012,2006,2212.0,4723.0,-0.20009515587791782,-0.01825289320368917
CN_금산군,2012,2011,1617.0,2174.0,-0.2313963542055637,-0.05634033423608642
GB_구미시,2009,2010,5851.0,8723.0,-0.2875111468894467,-0.015019055783714208
GB_영양군,2012,2011,932.0,1620.0,-0.2308391857024512,-0.058734674317770796
GG_고양시,2012,2006,1754.0,2265.0,-0.23064103048798845,-0.020105572357246082
GG_과천시,2012,2006,19.0,29.0,-1.2144441041932321,-0.8522118751896328
GG_남양주시,2012,2010,381.0,518.0,-0.30330739035486154,-0.07617423089561637
GG_동두천시,2012,2006,117.0,167.0,-0.34981385355878736,-0.06939199342399949
GG_동두천시,2012,2008,100.0,155.0,-0.2390169004704994,-0.03797924806521635
GG_성남시,2012,2005,83.0,142.0,-0.35184401666906684,-0.00701757265864611
GG_성남시,2012,2007,84.0,101.0,0.24116205681688818,-0.01960847138837618
GG_성남시,2012,2008,59.0,98.0,-0.35327935493759366,-0.030153038170687374
GG_의왕시,2012,2010,78.0,148.0,-0.33463905553955264,0.0
GG_의왕시,2012,2011,99.0,148.0,0.2384110234449981,0.0
GG_의정부시,2012,2009,149.0,168.0,-0.3526399687265531,0.0059701669865033224
GG_하남시,2012,2006,43.0,126.0,-0.9301477665355828,-0.023530497410193973
GG_하남시,2012,2007,33.0,62.0,-0.2646925542270817,-0.7091475219063863
GG_하남시,2012,2008,50.0,64.0,0.4155154439616662,0.031748698314579826
GG_하남시,2012,2010,13.0,31.0,-1.3470736479666092,-0.3272129112084161
GG_하남시,2012,2011,17.0,28.0,0.2682639865946794,-0.10178269430994247
GN_양산시,2012,2010,1005.0,1734.0,-0.3271897708272924,-0.0877319938688359
JN_목포시,2012,2005,292.0,378.0,0.2257153487025816,-0.013140793561057684
JN_목포시,2012,2010,217.0,265.0,-0.22590471275553803,-0.02238899489347901
JN_여수시,2012,2001,3793.0,4107.0,3.4702279172232346,-0.015702702164103854
