sample,spec,outcome,type,R_est,R_se,R_lo,R_hi,R_p,R_p_norm,R_G,R_n_tr,R_n_ctrl,R_pre_k,R_pre_p,R_pre_mean,R_n_obs,R_ctrl_used,R_post_e_max,Py_est,Py_se,Py_lo,Py_hi,Py_p,Py_p_norm,Py_G,Py_n_tr,Py_n_ctrl,Py_pre_k,Py_pre_p,Py_pre_mean,Py_n_obs,d_est,d_se,point_ok,count_ok,boot_ok,p_ok,status
annual,CS-A (preferred),ln_area,gt,0.0484190733195021,0.139045754541856,-0.217364370271746,0.31420251691075,0.73121,0.727671940748027,29,7,24,8,0.3529,-0.0656323480670332,,22,,0.0484190733195,0.139045754541856,-0.212778074560528,0.309616221199528,0.7266,0.727671940748039,29,7,24,8,0.3462,-0.065632348067033,,2.06779038336435e-15,-4.44089209850063e-16,TRUE,TRUE,TRUE,TRUE,REPLICATED
annual,CS-A (preferred),ln_production,gt,0.0198832667621588,0.159125971647697,-0.282588315765538,0.322354849289855,0.90223,0.900560763038123,29,7,24,8,0.40985,-0.0818544822957777,,22,,0.0198832667621557,0.159125971647698,-0.287362592675304,0.327129126199615,0.9032,0.900560763038139,29,7,24,8,0.4049,-0.0818544822957772,,3.05658276467113e-15,-6.93889390390723e-16,TRUE,TRUE,TRUE,TRUE,REPLICATED
annual,CS-A (preferred),ln_yield,gt,-0.0284052547052081,0.0547804444546011,-0.132384895106532,0.0755743856961158,0.60932,0.604089160326861,29,7,24,8,0.66375,-0.0164880736177822,,22,,-0.0284052547052099,0.0547804444546014,-0.131777070129044,0.0749665607186242,0.6181,0.604089160326841,29,7,24,8,0.6702,-0.0164880736177821,,1.76247905159244e-15,-2.4980018054066e-16,TRUE,TRUE,TRUE,TRUE,REPLICATED
annual,CS-B (mean of all clean-pre years),ln_area,gt,0.264360933002946,0.183966961901767,-0.0851819427132947,0.613903808719188,0.14792,0.150717362218661,27,7,24,9,0.4599,0.0932064255559768,,20,,0.264360933002946,0.183966961901767,-0.0852658109211056,0.613987676926998,0.1467,0.150717362218662,27,7,24,9,0.4163,0.0932064255559769,,2.77555756156289e-16,5.55111512312578e-17,TRUE,TRUE,TRUE,TRUE,REPLICATED
annual,CS-B (mean of all clean-pre years),ln_production,gt,0.227833041515655,0.191235434239519,-0.13520604620296,0.590872129234271,0.23492,0.233506554485606,27,7,24,9,0.64688,0.0775153712342043,,20,,0.227833041515655,0.191235434239519,-0.132646944353253,0.588313027384562,0.2332,0.233506554485607,27,7,24,9,0.6173,0.0775153712342041,,5.82867087928207e-16,5.55111512312578e-17,TRUE,TRUE,TRUE,TRUE,REPLICATED
annual,CS-B (mean of all clean-pre years),ln_yield,gt,-0.0362180981106559,0.0705575883192885,-0.168582312540987,0.0961461163196755,0.61953,0.60773268145236,27,7,24,9,0.71821,-0.0158677282643279,,20,,-0.0362180981106565,0.0705575883192886,-0.169903294416774,0.0974670981954608,0.6235,0.607732681452355,27,7,24,9,0.7025,-0.0158677282643283,,5.62050406216486e-16,-1.38777878078145e-16,TRUE,TRUE,TRUE,TRUE,REPLICATED
annual,CS-B5 (mean of last 5 clean-pre years),ln_area,gt,0.0754290234228745,0.149875204253976,-0.21088465805006,0.361742704895809,0.6152,0.614768220269938,29,7,24,9,0.36456,-0.0591863830217085,,22,,0.0754290234228748,0.149875204253976,-0.2116119405387,0.36246998738445,0.6157,0.614768220269937,29,7,24,9,0.3301,-0.0591863830217098,,-3.46944695195361e-16,-4.71844785465692e-16,TRUE,TRUE,TRUE,TRUE,REPLICATED
annual,CS-B5 (mean of last 5 clean-pre years),ln_production,gt,0.0668558016166301,0.164335904694325,-0.246188193690259,0.379899796923519,0.68677,0.684137206773483,29,7,24,9,0.38151,-0.0563967820644251,,22,,0.0668558016166309,0.164335904694326,-0.248637424153032,0.382349027386294,0.6839,0.68413720677348,29,7,24,9,0.3594,-0.0563967820644263,,-8.04911692853239e-16,-2.22044604925031e-16,TRUE,TRUE,TRUE,TRUE,REPLICATED
annual,CS-B5 (mean of last 5 clean-pre years),ln_yield,gt,-0.00845888102119348,0.0500406824848121,-0.103700173460746,0.0867824114183591,0.86386,0.865765114929486,29,7,24,9,0.70066,0.00248667979708875,,22,,-0.00845888102119281,0.050040682484812,-0.104493121331609,0.0875753592892229,0.8694,0.865765114929497,29,7,24,9,0.74,0.00248667979708813,,-6.69603261727048e-16,9.71445146547012e-17,TRUE,TRUE,TRUE,TRUE,REPLICATED
annual,Cohort 2012 only,ln_area,gt,0.126000544853712,0.209587688733366,-0.254796705664756,0.50679779537218,0.56007,0.547718139766027,24,2,24,8,0.99541,-0.0667301239992781,,22,,0.126000544853715,0.209587688733363,-0.254813283778675,0.506814373486106,0.5549,0.547718139766009,24,2,24,8,0.9959,-0.066730123999278,,-3.77475828372553e-15,3.24740234702858e-15,TRUE,TRUE,TRUE,TRUE,REPLICATED
annual,Cohort 2012 only,ln_production,gt,0.222379241051198,0.171683821280732,-0.0990140872029093,0.543772569305305,0.197,0.195222408597505,24,2,24,8,0.99547,-0.058789567509151,,22,,0.222379241051202,0.171683821280735,-0.0985340032633795,0.543292485365783,0.1987,0.195222408597505,24,2,24,8,0.9967,-0.0587895675091508,,-4.27435864480685e-15,-2.96984659087229e-15,TRUE,TRUE,TRUE,TRUE,REPLICATED
annual,Cohort 2012 only,ln_yield,gt,0.0961053532853083,0.0620025330738941,-0.0181755478264113,0.210386254397028,0.11914,0.12113599196264,24,2,24,8,0.99665,0.0068684420115943,,22,,0.0961053532853112,0.0620025330738888,-0.0167832687947362,0.208993975365359,0.1155,0.121135991962597,24,2,24,8,0.9959,0.00686844201159431,,-2.92821322744885e-15,5.24580379135387e-15,TRUE,TRUE,TRUE,TRUE,REPLICATED
annual,Cohort 2013 only,ln_area,gt,0.131142473006448,0.120742240297095,-0.0997090179708803,0.361993963983777,0.27544,0.277418903765118,26,4,24,8,0.69096,-0.100453677749719,,22,,0.131142473006452,0.120742240297095,-0.0981852700161421,0.360470216029046,0.2743,0.277418903765105,26,4,24,8,0.6943,-0.100453677749719,,-3.49720252756924e-15,-1.11022302462516e-16,TRUE,TRUE,TRUE,TRUE,REPLICATED
annual,Cohort 2013 only,ln_production,gt,0.086442469161392,0.116902627168298,-0.137380801034369,0.310265739357153,0.45999,0.459639909909161,26,4,24,8,0.85636,-0.118114377010743,,22,,0.0864424691613962,0.1169026271683,-0.136246494874357,0.309131433197149,0.4523,0.459639909909144,26,4,24,8,0.8548,-0.118114377010743,,-4.19109191795997e-15,-1.346145417358e-15,TRUE,TRUE,TRUE,TRUE,REPLICATED
annual,Cohort 2013 only,ln_yield,gt,-0.0442917521856572,0.0461463620258682,-0.131429004517533,0.0428455001462186,0.34203,0.337150712699613,26,4,24,8,0.87504,-0.0175310237858302,,22,,-0.0442917521856549,0.046146362025867,-0.130891576478117,0.0423080721068073,0.3373,0.337150712699626,26,4,24,8,0.8664,-0.0175310237858305,,-2.33146835171283e-15,1.20042864537595e-15,TRUE,TRUE,TRUE,TRUE,REPLICATED
annual,Cohort 2015 only,ln_area,gt,-0.437637468496702,0.0925987702152495,-0.613648884089097,-0.261626052904306,1e-05,2.28794873299442e-06,23,1,24,4,0.96671,-0.0514110281782985,,22,,-0.437637468496698,0.0925987702152496,-0.613122654121631,-0.262152282871765,1e-04,2.28794873313731e-06,23,1,24,4,0.965,-0.0514110281782985,,-3.44169137633799e-15,-1.66533453693773e-16,TRUE,TRUE,TRUE,TRUE,REPLICATED
annual,Cohort 2015 only,ln_production,gt,-0.651345491412852,0.116686740292998,-0.872800943581368,-0.429890039244336,1e-05,2.37767123030971e-08,23,1,24,4,0.96613,-0.206653663977017,,22,,-0.651345491412849,0.116686740293,-0.871986039462385,-0.430704943363313,1e-04,2.37767121546995e-08,23,1,24,4,0.9639,-0.206653663977017,,-2.99760216648792e-15,-2.0122792321331e-15,TRUE,TRUE,TRUE,TRUE,REPLICATED
annual,Cohort 2015 only,ln_yield,gt,-0.213880480764444,0.0468510673107648,-0.30239836173744,-0.125362599791449,1e-05,4.99222089322244e-06,23,1,24,4,0.97419,-0.155816062448082,,22,,-0.213880480764443,0.0468510673107685,-0.304189935161365,-0.12357102636752,1e-04,4.99222089311857e-06,23,1,24,4,0.9735,-0.155816062448082,,-1.9151347174784e-15,-3.72618602639818e-15,TRUE,TRUE,TRUE,TRUE,REPLICATED
annual,"Controls: excl. likely spillover (leaf lettuce, spinach, malting barley)",ln_area,gt,-0.00491195604977338,0.14249450536077,-0.276037127081841,0.266213214982294,0.97286,0.972501410805989,26,7,21,8,0.39071,-0.052962131730839,,19,,-0.00491195604977481,0.14249450536077,-0.277048179006981,0.267224266907431,0.9714,0.972501410805982,26,7,21,8,0.3629,-0.0529621317308389,,1.42767742072891e-15,-3.05311331771918e-16,TRUE,TRUE,TRUE,TRUE,REPLICATED
annual,"Controls: excl. likely spillover (leaf lettuce, spinach, malting barley)",ln_production,gt,-0.0547202977324148,0.161766987166595,-0.360975564008861,0.251534968544031,0.7405,0.735162621809942,26,7,21,8,0.47203,-0.0615160423411121,,19,,-0.054720297732417,0.161766987166595,-0.358892322786812,0.249451727321978,0.7354,0.735162621809931,26,7,21,8,0.4858,-0.0615160423411122,,2.16493489801906e-15,6.66133814775094e-16,TRUE,TRUE,TRUE,TRUE,REPLICATED
annual,"Controls: excl. likely spillover (leaf lettuce, spinach, malting barley)",ln_yield,gt,-0.0496369372870837,0.0567521399980966,-0.15750501103376,0.0582311364595928,0.38855,0.381777051660742,26,7,21,8,0.60063,-0.00881651216365627,,19,,-0.049636937287085,0.0567521399980966,-0.157861337529923,0.0585874629557533,0.3837,0.38177705166073,26,7,21,8,0.5926,-0.0088165121636564,,1.25593979660721e-15,3.46944695195361e-17,TRUE,TRUE,TRUE,TRUE,REPLICATED
annual,Controls: excl. other pulses,ln_area,gt,0.0659090652324408,0.142230104628167,-0.20609632677076,0.337914457235641,0.64282,0.643079519055866,28,7,23,8,0.35784,-0.0635197476838268,,21,,0.0659090652324396,0.142230104628166,-0.205026964214645,0.336845094679524,0.645,0.643079519055872,28,7,23,8,0.346,-0.0635197476838267,,1.17961196366423e-15,8.32667268468867e-17,TRUE,TRUE,TRUE,TRUE,REPLICATED
annual,Controls: excl. other pulses,ln_production,gt,0.0506920732327699,0.16033165233642,-0.255733092046326,0.357117238511865,0.75639,0.751873407541798,28,7,23,8,0.43989,-0.0798800666224122,,21,,0.0506920732327676,0.160331652336418,-0.256427473558746,0.357811620024281,0.7641,0.751873407541807,28,7,23,8,0.4612,-0.0798800666224121,,2.23432383705813e-15,1.22124532708767e-15,TRUE,TRUE,TRUE,TRUE,REPLICATED
annual,Controls: excl. other pulses,ln_yield,gt,-0.0151588130835542,0.0540145653256596,-0.117464862048947,0.0871472358818391,0.78376,0.778984182970713,28,7,23,8,0.66262,-0.0166687131775142,,21,,-0.0151588130835553,0.054014565325659,-0.118067717544,0.0877500913768898,0.7824,0.778984182970696,28,7,23,8,0.6823,-0.016668713177514,,1.05644659686988e-15,5.89805981832114e-16,TRUE,TRUE,TRUE,TRUE,REPLICATED
annual,Controls: excl. uncertain seasonal forms,ln_area,gt,-0.082079919677244,0.153543080131834,-0.373376690256003,0.209216850901515,0.59472,0.592945452184042,20,7,13,8,0.3597,-0.0322935864905312,,13,,-0.0820799196772455,0.153543080131833,-0.368127580498149,0.203967741143658,0.5923,0.592945452184034,20,7,13,8,0.3417,-0.0322935864905312,,1.45716771982052e-15,3.88578058618805e-16,TRUE,TRUE,TRUE,TRUE,REPLICATED
annual,Controls: excl. uncertain seasonal forms,ln_production,gt,-0.104598751816137,0.184212078748059,-0.453680234359397,0.244482730727122,0.56862,0.570159228226708,20,7,13,8,0.54883,-0.0429504502715392,,13,,-0.10459875181614,0.18421207874806,-0.454490231933075,0.245292728300794,0.5838,0.5701592282267,20,7,13,8,0.5553,-0.0429504502715391,,2.56739074444567e-15,-8.04911692853239e-16,TRUE,TRUE,TRUE,TRUE,REPLICATED
annual,Controls: excl. uncertain seasonal forms,ln_yield,gt,-0.0223322884683483,0.0659970956307138,-0.14770873963649,0.103044162699793,0.73582,0.735074660357685,20,7,13,8,0.81459,-0.010510181918017,,13,,-0.0223322884683495,0.0659970956307138,-0.148138520460519,0.10347394352382,0.7342,0.73507466035767,20,7,13,8,0.8145,-0.010510181918017,,1.23512311489549e-15,2.77555756156289e-17,TRUE,TRUE,TRUE,TRUE,REPLICATED
annual,Controls: field crops only,ln_area,gt,-0.0539960463274858,0.187195799512415,-0.405759414464603,0.297767321809631,0.7755,0.773004678591864,15,7,8,8,0.2157,0.000239313252137777,,8,,-0.0539960463274873,0.187195799512411,-0.406143600410198,0.298151507755223,0.7712,0.773004678591853,15,7,8,8,0.2247,0.000239313252137836,,1.46410661372443e-15,4.05231403988182e-15,TRUE,TRUE,TRUE,TRUE,REPLICATED
annual,Controls: field crops only,ln_production,gt,-0.0912904901035562,0.234812481622605,-0.532156826733397,0.349575846526284,0.6939,0.697438602327104,15,7,8,8,0.41867,0.00649835078506244,,8,,-0.0912904901035587,0.234812481622601,-0.528975139689506,0.346394159482389,0.6968,0.697438602327091,15,7,8,8,0.4464,0.00649835078506229,,2.4008572907519e-15,4.2188474935756e-15,TRUE,TRUE,TRUE,TRUE,REPLICATED
annual,Controls: field crops only,ln_yield,gt,-0.0372150326400764,0.0809015640481598,-0.189067626297429,0.114637561017276,0.64129,0.645513441903838,15,7,8,8,0.8019,0.0064644301460603,,8,,-0.0372150326400775,0.0809015640481586,-0.188633066210614,0.114203000930459,0.6348,0.645513441903823,15,7,8,8,0.8169,0.00646443014606031,,1.1518563880486e-15,1.20736753927986e-15,TRUE,TRUE,TRUE,TRUE,REPLICATED
annual,Dates: pilot-year clock (no transition exclusion),ln_area,gt,0.0344855240202949,0.113448351840818,-0.181695003731608,0.250666051772198,0.76424,0.761146526143877,29,7,24,11,0.75377,-0.108944297515015,,26,,0.0344855240202949,0.113448351840819,-0.184810273527049,0.253781321567639,0.7689,0.761146526143879,29,7,24,11,0.7762,-0.108944297515015,,-2.77555756156289e-17,-9.43689570931383e-16,TRUE,TRUE,TRUE,TRUE,REPLICATED
annual,Dates: pilot-year clock (no transition exclusion),ln_production,gt,0.0166823574353313,0.127501180308955,-0.225994074387145,0.259358789257807,0.89756,0.895901240457985,29,7,24,11,0.53547,-0.111121613562544,,26,,0.0166823574353313,0.127501180308956,-0.224675256101297,0.258039970971959,0.897,0.895901240457985,29,7,24,11,0.5456,-0.111121613562544,,-4.5102810375397e-17,-9.99200722162641e-16,TRUE,TRUE,TRUE,TRUE,REPLICATED
annual,Dates: pilot-year clock (no transition exclusion),ln_yield,gt,-0.0177876580456954,0.0447094540504476,-0.101497894682487,0.0659225785910966,0.69466,0.690740729406051,29,7,24,11,0.80797,-0.00241458774968891,,26,,-0.017787658045695,0.0447094540504477,-0.101863602260028,0.0662882861686381,0.6943,0.690740729406059,29,7,24,11,0.7994,-0.002414587749689,,-3.95516952522712e-16,-1.45716771982052e-16,TRUE,TRUE,TRUE,TRUE,REPLICATED
annual,Dates: product-table nationwide year,ln_area,gt,0.0616892864952756,0.134655684515794,-0.197708831692589,0.32108740468314,0.64888,0.646861833124842,29,7,24,9,0.47753,-0.0722502951132026,,22,,0.061689286495274,0.134655684515795,-0.198032665096595,0.321411238087143,0.6498,0.646861833124852,29,7,24,9,0.4823,-0.0722502951132027,,1.57512891618694e-15,-8.60422844084496e-16,TRUE,TRUE,TRUE,TRUE,REPLICATED
annual,Dates: product-table nationwide year,ln_production,gt,0.0363978021773159,0.153219465337101,-0.252876981154195,0.325672585508826,0.81713,0.812227511264408,29,7,24,9,0.35681,-0.0872046797678743,,22,,0.0363978021773132,0.153219465337102,-0.257007987975941,0.329803592330568,0.8186,0.812227511264423,29,7,24,9,0.3427,-0.0872046797678742,,2.65759636519647e-15,-7.21644966006352e-16,TRUE,TRUE,TRUE,TRUE,REPLICATED
annual,Dates: product-table nationwide year,ln_yield,gt,-0.0251278328995364,0.0510732472481184,-0.121539529933514,0.0712838641344412,0.62837,0.622722177542732,29,7,24,9,0.66087,-0.015264606006094,,22,,-0.0251278328995376,0.0510732472481186,-0.121741519271298,0.0714858534722231,0.637,0.622722177542716,29,7,24,9,0.6432,-0.0152646060060941,,1.21777588013572e-15,-1.59594559789866e-16,TRUE,TRUE,TRUE,TRUE,REPLICATED
annual,Imputation (FE on clean cells),ln_area,imp,0.244486160453356,0.185225888160201,-0.108245611973289,0.597217932880001,0.18591,,31,7,,,,,,,,0.244486160453002,0.185225888160205,-0.106001180540944,0.594973501446949,0.182,,31,7,,,,,,3.53661544494344e-13,-4.32986979603811e-15,TRUE,TRUE,TRUE,TRUE,REPLICATED
annual,Imputation (FE on clean cells),ln_production,imp,0.216218378651325,0.190164856406,-0.146967196883516,0.579403954186166,0.2607,,31,7,,,,,,,,0.216218378650885,0.190164856406005,-0.145841428542847,0.578278185844618,0.2584,,31,7,,,,,,4.39676073327178e-13,-4.71844785465692e-15,TRUE,TRUE,TRUE,TRUE,REPLICATED
annual,Imputation (FE on clean cells),ln_yield,imp,-0.0280091693312521,0.0679522344853095,-0.155916363790278,0.0998980251277737,0.69654,,31,7,,,,,,,,-0.0280091693315312,0.0679522344853101,-0.155723784946222,0.0997054462831591,0.6985,,31,7,,,,,,2.79123946178572e-13,-6.80011602582908e-16,TRUE,TRUE,TRUE,TRUE,REPLICATED
annual,Leave out Corn,ln_area,gt,0.0657820671011347,0.149596132264969,-0.218104597211732,0.349668731414002,0.66461,0.660131897716326,28,6,24,8,0.3793,-0.0453437558357858,,22,,0.065782067101135,0.149596132264969,-0.2186227585043,0.35018689270657,0.6614,0.660131897716324,28,6,24,8,0.3962,-0.0453437558357859,,-2.91433543964104e-16,3.33066907387547e-16,TRUE,TRUE,TRUE,TRUE,REPLICATED
annual,Leave out Corn,ln_production,gt,0.0219156034437341,0.171927324019455,-0.300010741711975,0.343841948599444,0.90191,0.898568289629478,28,6,24,8,0.62399,-0.0552100781897969,,22,,0.0219156034437345,0.171927324019454,-0.301043837967738,0.344875044855207,0.9022,0.898568289629475,28,6,24,8,0.6021,-0.055210078189797,,-3.98986399474666e-16,5.55111512312578e-16,TRUE,TRUE,TRUE,TRUE,REPLICATED
annual,Leave out Corn,ln_yield,gt,-0.043862874672671,0.0585925757315372,-0.153966948782464,0.0662411994371222,0.47208,0.454093470395711,28,6,24,8,0.81809,-0.0102853920650985,,22,,-0.0438628746726707,0.0585925757315372,-0.153628684601904,0.0659029352565624,0.4677,0.454093470395714,28,6,24,8,0.8058,-0.0102853920650985,,-3.33066907387547e-16,0,TRUE,TRUE,TRUE,TRUE,REPLICATED
annual,Leave out Garlic,ln_area,gt,0.0499127341154239,0.153859732401515,-0.242670615805138,0.342496084035986,0.74762,0.745632086088108,28,6,24,8,0.47119,-0.0816375431912693,,22,,0.0499127341154244,0.153859732401516,-0.242245466160525,0.342070934391373,0.7484,0.745632086088107,28,6,24,8,0.4754,-0.0816375431912693,,-4.71844785465692e-16,-6.93889390390723e-16,TRUE,TRUE,TRUE,TRUE,REPLICATED
annual,Leave out Garlic,ln_production,gt,0.0219831811142654,0.176176427981739,-0.310766371269309,0.35473273349784,0.90316,0.900698231670283,28,6,24,8,0.56439,-0.0791593715585315,,22,,0.021983181114266,0.176176427981739,-0.312423953513027,0.356390315741559,0.905,0.90069823167028,28,6,24,8,0.5673,-0.0791593715585312,,-6.41847686111419e-16,-3.05311331771918e-16,TRUE,TRUE,TRUE,TRUE,REPLICATED
annual,Leave out Garlic,ln_yield,gt,-0.0278910369709382,0.0629668146081051,-0.147198832746029,0.0914167588041526,0.66453,0.657803205172129,28,6,24,8,0.72046,0.00206778792236601,,22,,-0.0278910369709376,0.0629668146081053,-0.147281435613266,0.0914993616713911,0.6623,0.657803205172138,28,6,24,8,0.7051,0.00206778792236618,,-6.10622663543836e-16,-2.91433543964104e-16,TRUE,TRUE,TRUE,TRUE,REPLICATED
annual,Leave out Onion,ln_area,gt,-0.00723002648994338,0.138036817241385,-0.269421694182116,0.254961641202229,0.95958,0.958227884037709,28,6,24,8,0.32822,-0.069600183296396,,22,,-0.00723002648994338,0.138036817241385,-0.270739373010081,0.256279320030195,0.9576,0.958227884037709,28,6,24,8,0.3376,-0.069600183296396,,-3.46944695195361e-18,8.32667268468867e-17,TRUE,TRUE,TRUE,TRUE,REPLICATED
annual,Leave out Onion,ln_production,gt,-0.0443947581133111,0.158152687732355,-0.342727926274626,0.253938410048003,0.7851,0.778934210047115,28,6,24,8,0.57046,-0.0847802790605967,,22,,-0.0443947581133113,0.158152687732354,-0.337396494984552,0.248606978757929,0.7874,0.778934210047114,28,6,24,8,0.5314,-0.0847802790605967,,1.11022302462516e-16,3.60822483003176e-16,TRUE,TRUE,TRUE,TRUE,REPLICATED
annual,Leave out Onion,ln_yield,gt,-0.0370120206641864,0.0605386204013389,-0.151757058578185,0.0777330172498121,0.55229,0.540948926413824,28,6,24,8,0.62316,-0.0154059276099842,,22,,-0.0370120206641863,0.0605386204013386,-0.150539533937909,0.0765154926095365,0.5527,0.540948926413823,28,6,24,8,0.6319,-0.0154059276099843,,-1.04083408558608e-16,3.2612801348364e-16,TRUE,TRUE,TRUE,TRUE,REPLICATED
annual,Leave out Red pepper,ln_area,gt,0.129428496955536,0.124063626227228,-0.108147720467374,0.367004714378446,0.29294,0.296835810123288,28,6,24,8,0.45019,-0.0773260666058589,,22,,0.129428496955537,0.124063626227228,-0.109844017821833,0.368701011732906,0.2931,0.296835810123287,28,6,24,8,0.4127,-0.0773260666058595,,-8.04911692853239e-16,-4.71844785465692e-16,TRUE,TRUE,TRUE,TRUE,REPLICATED
annual,Leave out Red pepper,ln_production,gt,0.131754726457994,0.123335013199577,-0.102936939054477,0.366446391970465,0.28182,0.285400082746152,28,6,24,8,0.5388,-0.0842309882429452,,22,,0.131754726457995,0.123335013199577,-0.103149000464542,0.366658453380531,0.2811,0.285400082746149,28,6,24,8,0.5312,-0.0842309882429463,,-7.21644966006352e-16,1.11022302462516e-16,TRUE,TRUE,TRUE,TRUE,REPLICATED
annual,Leave out Red pepper,ln_yield,gt,0.00250728297133129,0.0501928273355229,-0.0926528510022008,0.0976674169448634,0.9609,0.960159831498521,28,6,24,8,0.82705,-0.00718339937525542,,22,,0.00250728297133216,0.050192827335523,-0.0924522769325887,0.097466842875253,0.9622,0.960159831498507,28,6,24,8,0.8435,-0.00718339937525606,,-8.7733639797527e-16,-1.11022302462516e-16,TRUE,TRUE,TRUE,TRUE,REPLICATED
annual,Leave out Soybean,ln_area,gt,0.0782076826175444,0.149859357892996,-0.207715360184861,0.36413072541995,0.60942,0.601758154694248,28,6,24,8,0.44867,-0.0776943730757794,,22,,0.078207682617545,0.149859357892997,-0.205484023455806,0.361899388690896,0.6111,0.601758154694248,28,6,24,8,0.4577,-0.0776943730757799,,-5.68989300120393e-16,-1.11022302462516e-15,TRUE,TRUE,TRUE,TRUE,REPLICATED
annual,Leave out Soybean,ln_production,gt,0.0166626335412824,0.175119626337522,-0.314481372362617,0.347806639445182,0.92665,0.924195678970558,28,6,24,8,0.58911,-0.109187176184007,,22,,0.0166626335412828,0.175119626337521,-0.315070544669095,0.348395811751661,0.9299,0.924195678970556,28,6,24,8,0.5855,-0.109187176184007,,-4.23272528138341e-16,7.7715611723761e-16,TRUE,TRUE,TRUE,TRUE,REPLICATED
annual,Leave out Soybean,ln_yield,gt,-0.0613020247430687,0.0486927559346769,-0.15387007788425,0.0312660283981126,0.20516,0.208046317688359,28,6,24,8,0.55296,-0.0315042725741572,,22,,-0.0613020247430681,0.0486927559346749,-0.154882096618148,0.0322780471320115,0.2085,0.208046317688345,28,6,24,8,0.5657,-0.0315042725741576,,-5.34294830600857e-16,1.95676808090184e-15,TRUE,TRUE,TRUE,TRUE,REPLICATED
annual,Leave out Spring potato,ln_area,gt,0.00319147616333089,0.145122676797107,-0.273455532962097,0.279838485288758,0.98223,0.982454676462023,28,6,24,8,0.53227,-0.0849002041782242,,22,,0.00319147616333167,0.145122676797109,-0.270804519221589,0.277187471548252,0.9823,0.982454676462019,28,6,24,8,0.5316,-0.0849002041782246,,-7.77589798106604e-16,-2.58126853225349e-15,TRUE,TRUE,TRUE,TRUE,REPLICATED
annual,Leave out Spring potato,ln_production,gt,-0.00904363202617678,0.17188368444376,-0.333842058387258,0.315754794334904,0.9592,0.958038795193029,28,6,24,8,0.54833,-0.0987242698613426,,22,,-0.00904363202617619,0.171883684443761,-0.333722105690755,0.315634841638402,0.9599,0.958038795193032,28,6,24,8,0.5653,-0.0987242698613433,,-5.95010152260045e-16,-7.7715611723761e-16,TRUE,TRUE,TRUE,TRUE,REPLICATED
annual,Leave out Spring potato,ln_yield,gt,-0.0120518380621177,0.0584821917139514,-0.122862939651161,0.0987592635269259,0.8401,0.836730718561102,28,6,24,8,0.71402,-0.0140939964052938,,22,,-0.0120518380621171,0.0584821917139511,-0.122402685593878,0.0982990094696441,0.8399,0.836730718561109,28,6,24,8,0.6971,-0.0140939964052942,,-6.47051856539349e-16,3.46944695195361e-16,TRUE,TRUE,TRUE,TRUE,REPLICATED
annual,Leave out Sweet potato,ln_area,gt,0.0196410827734881,0.146538044132388,-0.258619930057106,0.297902095604082,0.89485,0.893375675039074,28,6,24,8,0.58207,-0.0425828444637755,,22,,0.0196410827734883,0.146538044132388,-0.25842074594725,0.297702911494226,0.8894,0.893375675039073,28,6,24,8,0.6098,-0.0425828444637757,,-2.25514051876985e-16,-2.4980018054066e-16,TRUE,TRUE,TRUE,TRUE,REPLICATED
annual,Leave out Sweet potato,ln_production,gt,0.000305112917323516,0.171060774784066,-0.322413952968923,0.32302417880357,0.99857,0.99857685224881,28,6,24,8,0.52123,-0.0826061094644633,,22,,0.000305112917323998,0.171060774784067,-0.325048921019124,0.325659146853772,0.9982,0.998576852248807,28,6,24,8,0.5046,-0.0826061094644633,,-4.81927865669807e-16,-1.66533453693773e-15,TRUE,TRUE,TRUE,TRUE,REPLICATED
annual,Leave out Sweet potato,ln_yield,gt,-0.0192242707948061,0.0599682285696946,-0.132759924371361,0.0943113827817485,0.75418,0.748533042672369,28,6,24,8,0.66818,-0.0403165911341712,,22,,-0.0192242707948058,0.0599682285696956,-0.132818027786378,0.0943694861967663,0.7603,0.748533042672377,28,6,24,8,0.6613,-0.0403165911341712,,-3.57353036051222e-16,-1.00613961606655e-15,TRUE,TRUE,TRUE,TRUE,REPLICATED
annual,Leave out cohort 2012,ln_area,gt,0.0173864847058183,0.152781496005631,-0.272061441673783,0.30683441108542,0.91176,0.909396595639424,27,5,24,8,0.50415,-0.0825708412168611,,22,,0.0173864847058198,0.152781496005631,-0.273962878006344,0.308735847417983,0.9093,0.909396595639416,27,5,24,8,0.4921,-0.082570841216861,,-1.50920942409982e-15,-1.94289029309402e-16,TRUE,TRUE,TRUE,TRUE,REPLICATED
annual,Leave out cohort 2012,ln_production,gt,-0.0611151229534568,0.176658484539801,-0.393038511502084,0.270808265595171,0.74127,0.729379779898738,27,5,24,8,0.70515,-0.11457507489827,,22,,-0.0611151229534555,0.176658484539801,-0.390831012680232,0.268600766773321,0.7352,0.729379779898744,27,5,24,8,0.7077,-0.11457507489827,,-1.346145417358e-15,-4.16333634234434e-16,TRUE,TRUE,TRUE,TRUE,REPLICATED
annual,Leave out cohort 2012,ln_yield,gt,-0.0782094979014147,0.0518370367818258,-0.176362637835298,0.0199436420324684,0.12811,0.131360864559611,27,5,24,8,0.65071,-0.0319101316902228,,22,,-0.0782094979014137,0.0518370367818259,-0.176874634879343,0.0204556390765159,0.127,0.131360864559617,27,5,24,8,0.6441,-0.0319101316902228,,-9.43689570931383e-16,-1.04083408558608e-16,TRUE,TRUE,TRUE,TRUE,REPLICATED
annual,Leave out cohort 2013,ln_area,gt,-0.0618787929297594,0.220292160068792,-0.457008884558396,0.333251298698877,0.77541,0.778791539402526,25,3,24,8,0.97034,-0.0403147443625358,,22,,-0.0618787929297586,0.220292160068789,-0.45690923627043,0.333151650410913,0.7799,0.778791539402527,25,3,24,8,0.9685,-0.0403147443625357,,-8.60422844084496e-16,2.80331313717852e-15,TRUE,TRUE,TRUE,TRUE,REPLICATED
annual,Leave out cohort 2013,ln_production,gt,-0.0688623364368189,0.279208565707347,-0.574857236818665,0.437132563945027,0.79024,0.805191458408923,25,3,24,8,0.97171,-0.0531099769275713,,22,,-0.0688623364368176,0.279208565707344,-0.568878271437321,0.431153598563686,0.789,0.805191458408924,25,3,24,8,0.9706,-0.053109976927571,,-1.33226762955019e-15,3.49720252756924e-15,TRUE,TRUE,TRUE,TRUE,REPLICATED
annual,Leave out cohort 2013,ln_yield,gt,-0.0072232580646093,0.0987151874107217,-0.183859657589265,0.169413141460046,0.9301,0.941668680136959,25,3,24,8,0.98068,-0.013670909965263,,22,,-0.00722325806460847,0.0987151874107211,-0.18375532041886,0.169308804289643,0.9273,0.941668680136966,25,3,24,8,0.9803,-0.013670909965263,,-8.24861012826972e-16,6.66133814775094e-16,TRUE,TRUE,TRUE,TRUE,REPLICATED
annual,Leave out cohort 2015,ln_area,gt,0.129428496955536,0.124063626227228,-0.108117441838597,0.366974435749669,0.29366,0.296835810123288,28,6,24,8,0.45393,-0.0773260666058589,,22,,0.129428496955537,0.124063626227228,-0.107718142373661,0.366575136284735,0.291,0.296835810123287,28,6,24,8,0.4443,-0.0773260666058595,,-8.04911692853239e-16,-4.71844785465692e-16,TRUE,TRUE,TRUE,TRUE,REPLICATED
annual,Leave out cohort 2015,ln_production,gt,0.131754726457994,0.123335013199577,-0.103525020206312,0.3670344731223,0.28358,0.285400082746152,28,6,24,8,0.53773,-0.0842309882429452,,22,,0.131754726457995,0.123335013199577,-0.10514417433767,0.368653627253659,0.2851,0.285400082746149,28,6,24,8,0.5311,-0.0842309882429463,,-7.21644966006352e-16,1.11022302462516e-16,TRUE,TRUE,TRUE,TRUE,REPLICATED
annual,Leave out cohort 2015,ln_yield,gt,0.00250728297133129,0.0501928273355229,-0.0928133353163201,0.0978279012589826,0.9618,0.960159831498521,28,6,24,8,0.82624,-0.00718339937525542,,22,,0.00250728297133216,0.050192827335523,-0.0931483164173281,0.0981628823599924,0.9611,0.960159831498507,28,6,24,8,0.8347,-0.00718339937525606,,-8.7733639797527e-16,-1.11022302462516e-16,TRUE,TRUE,TRUE,TRUE,REPLICATED
annual,"TWFE static, Han-style naive coding (benchmark)",ln_area,twfe_naive,0.174417115162857,0.172413765389076,,,0.3352,,31,7,,,,,990,,12,0.174417115162788,0.172413765389077,,,0.339,,31,7,,,,,990,6.87228052242972e-14,-5.27355936696949e-16,TRUE,TRUE,TRUE,TRUE,REPLICATED
annual,"TWFE static, Han-style naive coding (benchmark)",ln_production,twfe_naive,0.162616165655693,0.173225536490287,,,0.3644,,31,7,,,,,990,,12,0.162616165655605,0.173225536490288,,,0.3775,,31,7,,,,,990,8.79851747015437e-14,-8.04911692853239e-16,TRUE,TRUE,TRUE,TRUE,REPLICATED
annual,"TWFE static, Han-style naive coding (benchmark)",ln_yield,twfe_naive,-0.011445183335575,0.057848232189088,,,0.8582,,31,7,,,,,990,,12,-0.0114451833356289,0.057848232189088,,,0.86,,31,7,,,,,990,5.39082667394553e-14,6.93889390390723e-18,TRUE,TRUE,TRUE,TRUE,REPLICATED
annual,"TWFE static, clean cells (benchmark)",ln_area,twfe_clean,0.263409170851068,0.183878300581236,,,0.1797,,31,7,,,,,882,,12,0.263409170851231,0.183878300581233,,,0.1915,,31,7,,,,,882,-1.62980740014973e-13,2.55351295663786e-15,TRUE,TRUE,TRUE,TRUE,REPLICATED
annual,"TWFE static, clean cells (benchmark)",ln_production,twfe_clean,0.237515885485131,0.188113352614948,,,0.2285,,31,7,,,,,882,,12,0.237515885485336,0.188113352614944,,,0.2215,,31,7,,,,,882,-2.04586347862801e-13,3.91353616180368e-15,TRUE,TRUE,TRUE,TRUE,REPLICATED
annual,"TWFE static, clean cells (benchmark)",ln_yield,twfe_clean,-0.0256059712032204,0.0709294263532462,,,0.7412,,31,7,,,,,882,,12,-0.0256059712030965,0.0709294263532444,,,0.7215,,31,7,,,,,882,-1.23876603419504e-13,1.77635683940025e-15,TRUE,TRUE,TRUE,TRUE,REPLICATED
fruit,Adding Peach and Grape (nationwide 2004),ln_area_harmonized,gt,0.114660723296683,0.123125173522581,-0.118542043869604,0.34786349046297,0.3647,0.351722556318858,37,8,31,9,0.62544,-0.187890620691641,,31,,0.114660723296686,0.123125173522582,-0.115480888122269,0.344802334715641,0.3655,0.351722556318848,37,8,31,9,0.5994,-0.187890620691641,,-2.91433543964104e-15,-6.80011602582908e-16,TRUE,TRUE,TRUE,TRUE,REPLICATED
fruit,Adding Peach and Grape (nationwide 2004),ln_production,gt,0.0823360092176346,0.113794463802718,-0.132893318554491,0.29756533698976,0.4896,0.469341912634091,37,8,31,9,0.4141,-0.229906980101136,,31,,0.0823360092176384,0.113794463802718,-0.130464680895822,0.295136699331099,0.4897,0.469341912634068,37,8,31,9,0.3993,-0.229906980101136,,-3.81639164714898e-15,6.66133814775094e-16,TRUE,TRUE,TRUE,TRUE,REPLICATED
fruit,Adding Peach and Grape (nationwide 2010),ln_area_harmonized,gt,0.149474511371173,0.140163388975196,-0.118579106281393,0.417528129023738,0.28937,0.286229085577897,37,8,31,9,0.85118,-0.137141966797397,,31,,0.149474511371176,0.140163388975196,-0.115880869387594,0.414829892129947,0.2992,0.286229085577888,37,8,31,9,0.8556,-0.137141966797397,,-3.46944695195361e-15,-5.82867087928207e-16,TRUE,TRUE,TRUE,TRUE,REPLICATED
fruit,Adding Peach and Grape (nationwide 2010),ln_production,gt,0.0809671821779715,0.133715111352527,-0.173409483842612,0.335343848198555,0.55398,0.544833500391418,37,8,31,9,0.68287,-0.171898084516234,,31,,0.0809671821779759,0.133715111352526,-0.175034606756034,0.336968971111986,0.5564,0.544833500391394,37,8,31,9,0.6762,-0.171898084516234,,-4.44089209850063e-15,6.66133814775094e-16,TRUE,TRUE,TRUE,TRUE,REPLICATED
fruit,Apple and Pear dated 2001,ln_area_harmonized,gt,0.129992023631066,0.131214348300192,-0.114128185619061,0.374112232881194,0.34275,0.321839652342902,35,6,31,11,0.95339,-0.168847919925414,,33,,0.129992023631067,0.131214348300193,-0.117748839490112,0.377732886752246,0.3471,0.321839652342901,35,6,31,11,0.9542,-0.168847919925414,,-9.15933995315754e-16,-6.93889390390723e-16,TRUE,TRUE,TRUE,TRUE,REPLICATED
fruit,Apple and Pear dated 2001,ln_production,gt,0.117243255557691,0.10486576497937,-0.0832943928217313,0.317780903937113,0.26893,0.263553430051766,35,6,31,11,0.90857,-0.197025156565531,,33,,0.117243255557692,0.10486576497937,-0.081710217318356,0.31619672843374,0.2657,0.263553430051763,35,6,31,11,0.9075,-0.197025156565531,,-1.04083408558608e-15,-3.19189119579733e-16,TRUE,TRUE,TRUE,TRUE,REPLICATED
fruit,CS-A (preferred),ln_area_harmonized,gt,0.135663623148217,0.139988629798553,-0.128347360430998,0.399674606727432,0.34925,0.332493009729115,35,6,31,9,0.88372,-0.173689737296551,,31,,0.135663623148217,0.139988629798554,-0.129312417102585,0.400639663399019,0.3486,0.332493009729116,35,6,31,9,0.8983,-0.173689737296551,,-1.11022302462516e-16,-4.44089209850063e-16,TRUE,TRUE,TRUE,TRUE,REPLICATED
fruit,CS-A (preferred),ln_production,gt,0.114542108641641,0.109082195985629,-0.0911020149050599,0.320186232188341,0.30442,0.293693655307397,35,6,31,9,0.78172,-0.208243482893632,,31,,0.114542108641641,0.10908219598563,-0.0888945060617723,0.317978723345054,0.2928,0.293693655307399,35,6,31,9,0.8064,-0.208243482893631,,-4.16333634234434e-17,-3.60822483003176e-16,TRUE,TRUE,TRUE,TRUE,REPLICATED
fruit,CS-B (mean of all clean-pre years),ln_area_harmonized,gt,0.379791615394423,0.203653467234031,-0.00735601871986807,0.766939249508714,0.0549,0.0621966172872078,33,6,31,10,0.91245,0.069494647741324,,29,,0.379791615394424,0.203653467234031,-0.0102376598075393,0.769820890596387,0.0577,0.0621966172872075,33,6,31,10,0.917,0.0694946477413241,,-1.16573417585641e-15,-3.60822483003176e-16,TRUE,TRUE,TRUE,TRUE,REPLICATED
fruit,CS-B (mean of all clean-pre years),ln_production,gt,0.386366060423706,0.18258391931536,0.0372647316554485,0.735467389191964,0.02777,0.0343361969635509,33,6,31,10,0.87239,0.0843036994203399,,29,,0.386366060423707,0.18258391931536,0.0358301101032307,0.736902010744183,0.0299,0.0343361969635505,33,6,31,10,0.8706,0.0843036994203392,,-4.44089209850063e-16,2.22044604925031e-16,TRUE,TRUE,TRUE,TRUE,REPLICATED
fruit,Controls: field crops only,ln_area_harmonized,gt,0.0411155765913387,0.229814697560023,-0.379828371049302,0.46205952423198,0.87182,0.858010321397259,21,6,15,9,0.83806,-0.15956848340283,,17,,0.0411155765913381,0.229814697560025,-0.379734562404822,0.461965715587498,0.8737,0.858010321397262,21,6,15,9,0.8402,-0.15956848340283,,5.55111512312578e-16,-1.52655665885959e-15,TRUE,TRUE,TRUE,TRUE,REPLICATED
fruit,Controls: field crops only,ln_production,gt,0.0207579298127788,0.230450185021771,-0.394792348482377,0.436308208107934,0.93817,0.928227169360629,21,6,15,9,0.7083,-0.215480209041889,,17,,0.0207579298127783,0.230450185021771,-0.397825763286907,0.439341622912463,0.9347,0.928227169360631,21,6,15,9,0.7127,-0.21548020904189,,5.27355936696949e-16,2.77555756156289e-17,TRUE,TRUE,TRUE,TRUE,REPLICATED
fruit,"TWFE static, clean cells (benchmark)",ln_area_harmonized,twfe_clean,0.431858640526502,0.185127125822172,,,0.0428,,30,6,,,,,850,,21,0.431858640526565,0.185127125822177,,,0.054,,30,6,,,,,850,-6.28941343450151e-14,-5.63438184997267e-15,TRUE,TRUE,TRUE,TRUE,REPLICATED
fruit,"TWFE static, clean cells (benchmark)",ln_production,twfe_clean,0.411414611472868,0.1649186701625,,,0.0368,,30,6,,,,,850,,21,0.411414611472951,0.164918670162504,,,0.044,,30,6,,,,,850,-8.28781487882679e-14,-3.80251385934116e-15,TRUE,TRUE,TRUE,TRUE,REPLICATED
price,"Approximate matches included (+ all-potato, pooled vegetable items)",ln_real_linked,gt,-0.145121084129228,0.103510319931606,-0.339457977457724,0.0492158091992681,0.15669,0.160916355697011,17,5,12,8,0.73004,-0.229071128628978,,12,,-0.145121084129228,0.103510319931606,-0.340765862851802,0.0505236945933467,0.1533,0.160916355697011,17,5,12,8,0.7159,-0.229071128628978,,2.77555756156289e-17,1.80411241501588e-16,TRUE,TRUE,TRUE,TRUE,REPLICATED
price,"CS-A main (exact match, annual linking rule)",ln_real_linked,gt,-0.118062018898318,0.0924666350776856,-0.291220264415232,0.0550962266185964,0.1879,0.201670500676839,11,4,7,8,0.15402,-0.12741129608941,,7,,-0.118062018898317,0.0924666350776857,-0.288555225968461,0.0524311881718265,0.1836,0.201670500676842,11,4,7,8,0.16,-0.12741129608941,,-6.66133814775094e-16,-9.71445146547012e-17,TRUE,TRUE,TRUE,TRUE,REPLICATED
price,CS-B main,ln_real_linked,gt,-0.0190631339984605,0.194036369338354,-0.372061443530436,0.333935175533516,0.92351,0.921737624021008,10,4,7,9,0.32414,-0.00159717641463945,,6,,-0.0190631339984608,0.194036369338354,-0.376570295967129,0.338444027970208,0.9175,0.921737624021007,10,4,7,9,0.3176,-0.00159717641463921,,2.94902990916057e-16,-2.77555756156289e-17,TRUE,TRUE,TRUE,TRUE,REPLICATED
price,Leave out Garlic,ln_real_linked,gt,-0.146136160103258,0.1203553978653,-0.364494701203135,0.072222380996619,0.21694,0.224669343062469,10,3,7,8,0.17196,-0.107851265196954,,7,,-0.146136160103258,0.1203553978653,-0.363830869091362,0.0715585488848464,0.213,0.22466934306247,10,3,7,8,0.1922,-0.107851265196954,,8.32667268468867e-17,-3.05311331771918e-16,TRUE,TRUE,TRUE,TRUE,REPLICATED
price,Leave out Onion,ln_real_linked,gt,-0.0908951460243145,0.0916401719550609,-0.259171598381276,0.077381306332647,0.31529,0.321260899039035,10,3,7,8,0.89371,-0.1931748934314,,7,,-0.0908951460243144,0.0916401719550611,-0.261456374444379,0.0796660823957499,0.3165,0.321260899039036,10,3,7,8,0.8808,-0.1931748934314,,-6.93889390390723e-17,-1.66533453693773e-16,TRUE,TRUE,TRUE,TRUE,REPLICATED
price,Leave out Red pepper,ln_real_linked,gt,-0.13207291376675,0.078561613833844,-0.276329529009037,0.0121837014755378,0.07565,0.0927361143098441,10,3,7,8,0.71717,-0.12978339708992,,7,,-0.132072913766749,0.0785616138338441,-0.277191055813294,0.013045228279795,0.0789,0.0927361143098451,10,3,7,8,0.7289,-0.12978339708992,,-1.94289029309402e-16,-9.71445146547012e-17,TRUE,TRUE,TRUE,TRUE,REPLICATED
price,Leave out Sweet potato,ln_real_linked,gt,-0.103143855698949,0.101710762591786,-0.289596407967006,0.083308696569107,0.30269,0.31053986337257,10,3,7,8,0.57019,-0.0908136467369562,,7,,-0.103143855698949,0.101710762591786,-0.288704038662635,0.0824163272647364,0.2999,0.31053986337257,10,3,7,8,0.5314,-0.0908136467369562,,-6.93889390390723e-17,1.11022302462516e-16,TRUE,TRUE,TRUE,TRUE,REPLICATED
price,Link window 2005-2006,ln_real_linked,gt,-0.118062018898318,0.0925060519393749,-0.289825632862781,0.0537015950661453,0.18889,0.201862688926541,11,4,7,8,0.15984,-0.126126338067843,,7,,-0.118062018898317,0.0925060519393749,-0.291377996896373,0.0552539590997386,0.1927,0.201862688926543,11,4,7,8,0.1259,-0.126126338067843,,-6.66133814775094e-16,0,TRUE,TRUE,TRUE,TRUE,REPLICATED
price,Link window 2010-2012,ln_real_linked,gt,-0.118062018898318,0.0924012076847095,-0.289776132638652,0.0536520948420163,0.18555,0.201351423765632,11,4,7,8,0.17301,-0.129588423155306,,7,,-0.118062018898317,0.0924012076847097,-0.29110871596672,0.0549846781700854,0.1894,0.201351423765635,11,4,7,8,0.1483,-0.129588423155306,,-6.66133814775094e-16,-2.08166817117217e-16,TRUE,TRUE,TRUE,TRUE,REPLICATED
price,New series only 2005-2024 (6 exact crops),ln_real_new,gt,-0.16583290212756,0.151415368195558,-0.445903616798052,0.114237812542933,0.2735,0.273420952485827,13,6,7,6,0.53473,-0.0802560946568216,,7,,-0.165832902127559,0.151415368195559,-0.447308516232206,0.115642711977087,0.2687,0.273420952485832,13,6,7,6,0.5301,-0.0802560946568216,,-2.77555756156289e-16,-1.02695629777827e-15,TRUE,TRUE,TRUE,TRUE,REPLICATED
price,New series only 2005-2024 (main 4 crops),ln_real_new,gt,-0.118062018898318,0.0935625048790337,-0.290878089301564,0.0547540515049283,0.19244,0.207002104467028,11,4,7,6,0.64521,-0.109816694311132,,7,,-0.118062018898317,0.0935625048790337,-0.291734400524626,0.0556103627279911,0.1944,0.207002104467031,11,4,7,6,0.6534,-0.109816694311132,,-6.66133814775094e-16,-4.16333634234434e-17,TRUE,TRUE,TRUE,TRUE,REPLICATED
price,Strict sample (both linking rules),ln_real_linked,gt,-0.0514357244941605,0.0970684135890518,-0.231422746747464,0.128551297759143,0.60695,0.596187179743003,7,2,5,8,0.4576,-0.240576823948292,,5,,-0.0514357244941595,0.0970684135890524,-0.230679960463633,0.127808511475314,0.6107,0.596187179743012,7,2,5,8,0.4169,-0.240576823948292,,-9.57567358739198e-16,-5.13478148889135e-16,TRUE,TRUE,TRUE,TRUE,REPLICATED
price,"TWFE static, clean cells (benchmark)",ln_real_linked,twfe_clean,-0.0550078853366361,0.185274630878529,,,0.7765,,11,4,,,,,444,,12,-0.055007885336628,0.185274630878533,,,0.7645,,11,4,,,,,444,-8.13932254928318e-15,-4.49640324973188e-15,TRUE,TRUE,TRUE,TRUE,REPLICATED
price_audit,AUDIT: CS-A main on nominal linked crop index (no divisor),ln_nominal_linked,gt,-0.117974394280925,0.0923751384943847,-0.290272829820087,0.0543240412582362,0.19083,0.201558901316966,11,4,7,8,0.15465,-0.125451651599178,,7,,,,,,,,,,,,,,,,,,,TRUE,TRUE,R-only (audit)
