"year","gap","effect_vs_weighted_pre","time_weight","jackknife_se"
2000,0.283155832145211,-0.0202645423523354,0,NA
2001,0.25022539730845,-0.0531949771890964,0,NA
2002,0.258660521870309,-0.044759852627237,0,NA
2003,0.274299814393692,-0.0291205601038537,0,NA
2004,0.279682988434519,-0.0237373860630267,0,NA
2005,0.290248743481136,-0.0131716310164101,0,NA
2006,0.307005791244876,0.00358541674733032,0,NA
2007,0.299522188090712,-0.00389818640683431,0.5254127989157,NA
2008,0.307736034561767,0.00431566006422102,0.4745872010843,NA
2009,0.30383507013603,0.000414695638483675,NA,0.00736392696052096
2010,0.306065967619929,0.00264559312238322,NA,0.0185453937916099
2011,0.318798784518021,0.0153784100204754,NA,0.0189836628784127
