"spec","outcome","estimator","beta","se","se_method","p_normal","p_t","ci95_low","ci95_high","ci90_low","ci90_high","ci95_t_low","ci95_t_high","treated","controls"
"PRIMARY full pool","y_share","SDID",0.00614623292711441,0.0131232747857082,"jackknife",0.639537195580279,0.64548616752322,-0.0195749130120963,0.0318673788663251,-0.0154396332016386,0.0277320990558674,-0.02154145664796,0.0338339225021888,18,121
"PRIMARY full pool","y_share","SDID",0.00614623292711441,0.0219483100057738,"placebo (500)",0.779452822080133,0.782831740701117,-0.0368716642057224,0.0491641300599512,-0.029955524391338,0.0422479902455668,-0.0401606534301821,0.0524531192844109,18,121
"PRIMARY full pool","y_share","SDID",0.00614623292711441,0.0135069426252735,"bootstrap (500)",0.649078664258115,0.654836222100243,-0.0203268881596705,0.0326193540138993,-0.0160707106390921,0.0283631764933209,-0.0223509250325884,0.0346433908868172,18,121
"S4 full pool","y_rice","SDID",0.0239891399463541,0.0149101944381666,"jackknife",0.107636330382666,0.126047994509713,-0.0052343041549418,0.05321258404765,-0.000535947453815844,0.048514227346524,-0.00746862054781341,0.0554469004405216,18,121
"S4 full pool","y_rice","SDID",0.0239891399463541,0.0237045201952042,"placebo (500)",0.311534715024156,0.325722737699032,-0.0224708659070486,0.0704491457997568,-0.015001326071872,0.0629796059645802,-0.0260230260265522,0.0740013059192604,18,121
"S4 full pool","y_rice","SDID",0.0239891399463541,0.0159356216935603,"bootstrap (500)",0.132226831087356,0.15058069048132,-0.00724410464427935,0.0552223845369876,-0.00222262519402519,0.0502009050867334,-0.00963208294517805,0.0576103628378863,18,121
"S5 full pool","y_paddyuse","SDID",-0.00621119715278418,0.0147474856166276,"jackknife",0.673631016758153,0.678907856070072,-0.0351157378238967,0.0226933435183284,-0.0304686523577087,0.0180462580521404,-0.0373256720406179,0.0249032777350495,18,121
"S5 full pool","y_paddyuse","SDID",-0.00621119715278418,0.0212370328126156,"placebo (500)",0.769927216176788,0.773466733635299,-0.0478350166040062,0.0354126222984378,-0.0411430076003024,0.0287206132947341,-0.051017419807798,0.0385950255022296,18,121
"S5 full pool","y_paddyuse","SDID",-0.00621119715278418,0.0152575242705493,"bootstrap (500)",0.683941329491791,0.689021221059842,-0.0361153952163065,0.0236930009107381,-0.0313075912874972,0.0188851969819289,-0.0384017595379589,0.0259793652323905,18,121
"S7 full pool","y_share","SC",-0.00084409578355876,0.472322974086387,"jackknife",0.99857408876554,0.998594892791981,-0.926580114063723,0.924891922496605,-0.777746252802059,0.776058061234941,-0.99735846427958,0.995670272712463,18,121
"S7 full pool","y_share","SC",-0.00084409578355876,0.0301769900506266,"placebo (500)",0.977684879143717,0.978010624392575,-0.0599899094446103,0.0583017178774928,-0.0504808273188103,0.0487926357516928,-0.0645119794844917,0.0628237879173742,18,121
"S7 full pool","y_share","SC",-0.00084409578355876,0.0146710412928357,"bootstrap (500)",0.954119166236178,0.954790030627758,-0.0295988083332167,0.0279106167660992,-0.0249758112652344,0.0232876196981169,-0.0317972872462194,0.0301090956791019,18,121
"S7 full pool","y_share","DiD",0.0778862002945022,0.0202232776028369,"jackknife",0.000117485551476194,0.00128002267148982,0.0382493045435864,0.117523096045418,0.0446218687806295,0.111150531808375,0.0352188141731893,0.120553586415815,18,121
"S7 full pool","y_share","DiD",0.0778862002945022,0.039846491960699,"placebo (500)",0.0506236402066483,0.0672727091511372,-0.00021148885873265,0.155983889447737,0.0123445534716538,0.143427847117351,-0.00618254916619058,0.161954949755195,18,121
"S7 full pool","y_share","DiD",0.0778862002945022,0.0208536486059373,"bootstrap (500)",0.00018779308011113,0.0016481007039032,0.0370138000806111,0.118758600508393,0.0435850007498547,0.11218739983915,0.0338888476110336,0.121883552977971,18,121
