"id","omega"
"GN_함안군",0.0157767359718843
"JB_군산시",0.0150776044610004
"CN_홍성군",0.015015630553484
"CN_청양군",0.0149343941068621
"CN_태안군",0.0148428434095456
"CN_보령시",0.0148303810743831
"JN_신안군",0.0148198966643685
"CN_서천군",0.0146706626374788
"JN_함평군",0.0141867148547539
"GB_경산시",0.0136347991696673
"JN_강진군",0.0135819495666596
"GW_고성군",0.0134305013423768
"GN_합천군",0.0133638091821929
"JN_보성군",0.0131474017479575
"CB_청주시",0.0130721324096065
"JN_장흥군",0.0130325401945696
"CB_보은군",0.0128026868803047
"GN_창녕군",0.01276412113605
"GW_삼척시",0.0123438344147083
"JN_화순군",0.0122878637696347
"GB_안동시",0.0119326940533575
"GG_안성시",0.0119073521820618
"GG_부천시",0.0118960646800505
"GN_의령군",0.0118248214332695
"JB_남원시",0.0115195060270466
"GN_고성군",0.0114287288544955
"CB_제천시",0.0113499839104351
"JN_무안군",0.0112841933635048
"CN_부여군",0.011183291762705
"GB_영덕군",0.0111558648384995
"GG_여주시",0.0111540329108363
"GG_양평군",0.0111352989257603
"JN_곡성군",0.011111664592939
"GN_창원시+마산시+진해시",0.0110209476342444
"GB_예천군",0.0110128665325259
"GB_문경시",0.0109870362086391
"JN_담양군",0.0109849602074572
"GN_거창군",0.0109543843244287
"GW_양양군",0.0109041293660391
"GG_의왕시",0.0108552614339297
"GN_하동군",0.0108484005604254
"GB_포항시",0.0108201072731621
"CN_공주시",0.0106726702544556
"GN_진주시",0.0106718146676263
"GN_사천시",0.0106490797328546
"JN_진도군",0.0106220371697157
"JN_구례군",0.0105828405410357
"JN_목포시",0.010540092637606
"GN_함양군",0.010537914703958
"GW_원주시",0.0104437413273605
"JB_전주시",0.0104174944030063
"CN_천안시",0.0102653154532469
"JB_순창군",0.0102033368319543
"JN_완도군",0.0101996422536689
"GB_봉화군",0.0101401488459041
"GG_시흥시",0.0100317926102817
"GB_김천시",0.00997233831886863
"CN_연기군",0.00993247132883045
"JB_임실군",0.00986950514174333
"GG_오산시",0.00978571765988022
"GG_용인시",0.009709715571375
"GB_칠곡군",0.00955660420754871
"GB_청송군",0.00951422118402943
"GB_고령군",0.00924017227100812
"JN_여수시",0.00884321106198232
"CB_음성군",0.00883571920090191
"GN_남해군",0.00872583013180082
"GG_파주시",0.00861975954782875
"GN_산청군",0.00836269552464006
"GW_동해시",0.00834482415848824
"GG_연천군",0.00829460861917831
"GG_김포시",0.00800309953410303
"GW_인제군",0.00796071036088032
"GW_춘천시",0.00782919989765417
"JN_장성군",0.00778417510376256
"GG_포천시",0.00766331086742136
"GG_양주시",0.00752880713524923
"GG_수원시",0.00748295770413886
"GB_청도군",0.00745512323517666
"GB_군위군",0.00709303558150001
"GW_강릉시",0.00693233373456101
"GW_횡성군",0.00669501822370808
"GB_울진군",0.00641735458247378
"GG_안산시",0.0064066575849681
"CB_충주시",0.00625838666436354
"JB_장수군",0.006146125800305
"GB_성주군",0.00603898436369836
"JN_순천시",0.00597288045855982
"GB_영주시",0.00571038350062211
"GG_의정부시",0.00562755216532607
"GB_영천시",0.00555476602491569
"JB_진안군",0.00543735669774374
"JB_완주군",0.00489658497511189
"GG_고양시",0.00464163669321102
"GW_속초시",0.00455729077476406
"GN_거제시",0.00425863145688534
"CB_괴산군+증평군",0.00385280781315205
"GG_가평군",0.00369646351764854
"CB_영동군",0.0036942739637921
"GW_홍천군",0.00363931802834318
"GB_영양군",0.00345263906428365
"GG_군포시",0.00327358714976893
"GW_화천군",0.00318949327907627
"GW_영월군",0.00278353444749895
"CB_옥천군",0.00224039746637673
"GG_광주시",0.00135171216487564
"CB_단양군",0
"CN_금산군",0
"GG_과천시",0
"GG_광명시",0
"GG_남양주시",0
"GG_동두천시",0
"GG_성남시",0
"GG_하남시",0
"GN_양산시",0
"GN_통영시",0
"GW_양구군",0
"GW_정선군",0
"GW_평창군",0
"JB_무주군",0
"JN_광양시",0
