outcome,crop,pilot_relative_year,contrast,n_controls
ln_area,soybean,-10,-0.08178210371727523,26
ln_area,soybean,-9,-0.17428006277956243,26
ln_area,soybean,-8,-0.11223036645861839,26
ln_area,soybean,-7,-0.2059990859969396,26
ln_area,soybean,-6,-0.13179292686560018,26
ln_area,soybean,-5,-0.0730455374885235,26
ln_area,soybean,-4,0.010800439843245968,26
ln_area,soybean,-3,0.27726399343293906,26
ln_area,soybean,-2,0.14776099084205008,26
ln_area,soybean,-1,0.0,26
ln_area,onion,-10,-0.2715332564012325,23
ln_area,onion,-9,-0.14525201024108902,23
ln_area,onion,-8,-0.02749229994511282,23
ln_area,onion,-7,-0.20113509484694347,23
ln_area,onion,-6,-0.37223970894308955,23
ln_area,onion,-5,-0.09095532467952516,23
ln_area,onion,-4,0.05868931170250313,23
ln_area,onion,-3,-0.023630224313258452,23
ln_area,onion,-2,0.14907593607557956,23
ln_area,onion,-1,0.0,23
ln_area,sweet_potato,-10,-0.28575169029993575,23
ln_area,sweet_potato,-9,-0.4290393958065408,23
ln_area,sweet_potato,-8,-0.6903181042883233,23
ln_area,sweet_potato,-7,-0.48614603847975424,23
ln_area,sweet_potato,-6,-0.47385036084851606,23
ln_area,sweet_potato,-5,-0.2697585171862418,23
ln_area,sweet_potato,-4,-0.15839896400741438,23
ln_area,sweet_potato,-3,-0.17951817084446198,23
ln_area,sweet_potato,-2,0.08484858736733258,23
ln_area,sweet_potato,-1,0.0,23
ln_area,corn,-10,-0.22456232783400054,23
ln_area,corn,-9,-0.39141640499770247,23
ln_area,corn,-8,-0.5148215197618988,23
ln_area,corn,-7,-0.2555775846226087,23
ln_area,corn,-6,-0.22538046076728868,23
ln_area,corn,-5,-0.11092689459420235,23
ln_area,corn,-4,-0.22780791281934043,23
ln_area,corn,-3,-0.3272207470757298,23
ln_area,corn,-2,-0.08153277592422548,23
ln_area,corn,-1,0.0,23
ln_area,garlic,-10,0.2640665707023384,22
ln_area,garlic,-9,0.049949804747511095,22
ln_area,garlic,-8,0.005896053709541604,22
ln_area,garlic,-7,0.058528769818890325,22
ln_area,garlic,-6,-0.0010531782295970515,22
ln_area,garlic,-5,0.14324508343668718,22
ln_area,garlic,-4,0.04051365292767706,22
ln_area,garlic,-3,0.0378932637812337,22
ln_area,garlic,-2,0.07983694954906895,22
ln_area,garlic,-1,0.0,22
ln_area,spring_potato,-10,-0.2325326680070976,26
ln_area,spring_potato,-9,-0.035984245461229136,26
ln_area,spring_potato,-8,0.15466576353612105,26
ln_area,spring_potato,-7,-0.0919903446155601,26
ln_area,spring_potato,-6,-0.04085693985617311,26
ln_area,spring_potato,-5,-0.1778168069366295,26
ln_area,spring_potato,-4,0.03652770396016969,26
ln_area,spring_potato,-3,0.38762610478740456,26
ln_area,spring_potato,-2,0.11616504580808673,26
ln_area,spring_potato,-1,0.0,26
ln_area,red_pepper,-10,-0.15747290168255645,26
ln_area,red_pepper,-9,0.021023015670646572,26
ln_area,red_pepper,-8,0.07799742554195355,26
ln_area,red_pepper,-7,0.028800856666720165,26
ln_area,red_pepper,-6,0.0917331143987763,26
ln_area,red_pepper,-5,-0.07991455110024503,26
ln_area,red_pepper,-4,0.019902346184347053,26
ln_area,red_pepper,-3,0.056036294286746724,26
ln_area,red_pepper,-2,-0.06125718283012027,26
ln_area,red_pepper,-1,0.0,26
ln_yield,soybean,-10,0.11849558058490661,26
ln_yield,soybean,-9,-0.0159844072170916,26
ln_yield,soybean,-8,-0.013969913182003246,26
ln_yield,soybean,-7,0.06840379825276433,26
ln_yield,soybean,-6,0.015572955818293543,26
ln_yield,soybean,-5,-0.021037618507029343,26
ln_yield,soybean,-4,0.11360856787984996,26
ln_yield,soybean,-3,0.16536025179018932,26
ln_yield,soybean,-2,0.18298538658169328,26
ln_yield,soybean,-1,0.0,26
ln_yield,onion,-10,-0.01976988369391197,23
ln_yield,onion,-9,-0.11529548740124174,23
ln_yield,onion,-8,-0.09688482820545463,23
ln_yield,onion,-7,-0.008527773255074145,23
ln_yield,onion,-6,0.021889206087530866,23
ln_yield,onion,-5,-0.05677382256777186,23
ln_yield,onion,-4,-0.06297980716702956,23
ln_yield,onion,-3,-0.09720002350964752,23
ln_yield,onion,-2,0.03965869577890491,23
ln_yield,onion,-1,0.0,23
ln_yield,sweet_potato,-10,0.3735346774296575,23
ln_yield,sweet_potato,-9,0.3891595824342966,23
ln_yield,sweet_potato,-8,0.3321725034670635,23
ln_yield,sweet_potato,-7,0.34377351981193716,23
ln_yield,sweet_potato,-6,0.25442948683026145,23
ln_yield,sweet_potato,-5,0.26350705793865004,23
ln_yield,sweet_potato,-4,0.006363457943957762,23
ln_yield,sweet_potato,-3,0.0690254824974943,23
ln_yield,sweet_potato,-2,0.008337883272406366,23
ln_yield,sweet_potato,-1,0.0,23
ln_yield,corn,-10,-0.12457781238366739,23
ln_yield,corn,-9,-0.08107146551761257,23
ln_yield,corn,-8,-0.15115753104527485,23
ln_yield,corn,-7,-0.09294180633893756,23
ln_yield,corn,-6,-0.07216987228638239,23
ln_yield,corn,-5,-0.13082974597033648,23
ln_yield,corn,-4,-0.007944511056109604,23
ln_yield,corn,-3,-0.012756101763720551,23
ln_yield,corn,-2,-0.004602536964863013,23
ln_yield,corn,-1,0.0,23
ln_yield,garlic,-10,-0.14842774515921953,22
ln_yield,garlic,-9,-0.1700626420120237,22
ln_yield,garlic,-8,-0.06464341419011799,22
ln_yield,garlic,-7,-0.07050891286609673,22
ln_yield,garlic,-6,-0.12289597399911134,22
ln_yield,garlic,-5,-0.1341074454454496,22
ln_yield,garlic,-4,-0.13828884680149578,22
ln_yield,garlic,-3,-0.05775721863424543,22
ln_yield,garlic,-2,-0.0528389969323424,22
ln_yield,garlic,-1,0.0,22
ln_yield,spring_potato,-10,0.05466366197276784,26
ln_yield,spring_potato,-9,-0.010441098482202982,26
ln_yield,spring_potato,-8,-0.06945953386032766,26
ln_yield,spring_potato,-7,-0.16396729039001556,26
ln_yield,spring_potato,-6,-0.018740156436145128,26
ln_yield,spring_potato,-5,-0.03208963863258241,26
ln_yield,spring_potato,-4,-0.05871502157799746,26
ln_yield,spring_potato,-3,-0.0077343782224748026,26
ln_yield,spring_potato,-2,0.027816902339126592,26
ln_yield,spring_potato,-1,0.0,26
ln_yield,red_pepper,-10,-0.11545179303985265,26
ln_yield,red_pepper,-9,0.08269503045553961,26
ln_yield,red_pepper,-8,0.005105482403009454,26
ln_yield,red_pepper,-7,-0.07333286509720693,26
ln_yield,red_pepper,-6,-0.02149369049728822,26
ln_yield,red_pepper,-5,-0.12928001894097552,26
ln_yield,red_pepper,-4,-0.13500399616937298,26
ln_yield,red_pepper,-3,-0.09842629573944439,26
ln_yield,red_pepper,-2,-0.26020866440692547,26
ln_yield,red_pepper,-1,0.0,26
ln_production,soybean,-10,0.0362977897959329,26
ln_production,soybean,-9,-0.1853494776700817,26
ln_production,soybean,-8,-0.12198114178010044,26
ln_production,soybean,-7,-0.13305570433959701,26
ln_production,soybean,-6,-0.11247584066226857,26
ln_production,soybean,-5,-0.09572855054249452,26
ln_production,soybean,-4,0.12290628574599971,26
ln_production,soybean,-3,0.44394915574548044,26
ln_production,soybean,-2,0.33398964446122115,26
ln_production,soybean,-1,0.0,26
ln_production,onion,-10,-0.2909056744447529,23
ln_production,onion,-9,-0.2604396821355479,23
ln_production,onion,-8,-0.12193172886452786,23
ln_production,onion,-7,-0.2097157932329683,23
ln_production,onion,-6,-0.3506749637817652,23
ln_production,onion,-5,-0.14750898775993093,23
ln_production,onion,-4,-0.003703986673331272,23
ln_production,onion,-3,-0.12073477617629358,23
ln_production,onion,-2,0.18869567293520895,23
ln_production,onion,-1,0.0,23
ln_production,sweet_potato,-10,0.08787267226070483,23
ln_production,sweet_potato,-9,-0.040044175139616556,23
ln_production,sweet_potato,-8,-0.3556049236289489,23
ln_production,sweet_potato,-7,-0.14234544650302183,23
ln_production,sweet_potato,-6,-0.22006540101777894,23
ln_production,sweet_potato,-5,-0.006428194354406003,23
ln_production,sweet_potato,-4,-0.15181722095992534,23
ln_production,sweet_potato,-3,-0.11056266679160309,23
ln_production,sweet_potato,-2,0.09305036868624228,23
ln_production,sweet_potato,-1,0.0,23
ln_production,corn,-10,-0.34967174797609957,23
ln_production,corn,-9,-0.4728415519293918,23
ln_production,corn,-8,-0.6651089058656279,23
ln_production,corn,-7,-0.34905917760040417,23
ln_production,corn,-6,-0.2987621428763081,23
ln_production,corn,-5,-0.242368178376827,23
ln_production,corn,-4,-0.23585816095683576,23
ln_production,corn,-3,-0.34066124728739666,23
ln_production,corn,-2,-0.08751164032880254,23
ln_production,corn,-1,0.0,23
ln_production,garlic,-10,0.11469400465201574,22
ln_production,garlic,-9,-0.11836852392680441,22
ln_production,garlic,-8,-0.059605799283415806,22
ln_production,garlic,-7,-0.012883757661217743,22
ln_production,garlic,-6,-0.12409271753687534,22
ln_production,garlic,-5,0.009403566131599206,22
ln_production,garlic,-4,-0.0984325035909066,22
ln_production,garlic,-3,-0.020619362421543386,22
ln_production,garlic,-2,0.026333490775231283,22
ln_production,garlic,-1,0.0,22
ln_production,spring_potato,-10,-0.17801664483025803,26
ln_production,spring_potato,-9,-0.04622242214501604,26
ln_production,spring_potato,-8,0.085007327954008,26
ln_production,spring_potato,-7,-0.2538457655134252,26
ln_production,spring_potato,-6,-0.059784871683721263,26
ln_production,spring_potato,-5,-0.2101051594891139,26
ln_production,spring_potato,-4,-0.02199983138124928,26
ln_production,spring_potato,-3,0.3805041212040461,26
ln_production,spring_potato,-2,0.14378595088265378,26
ln_production,spring_potato,-1,0.0,26
ln_production,red_pepper,-10,-0.27120957734717877,26
ln_production,red_pepper,-9,0.10383892328612987,26
ln_production,red_pepper,-8,0.08396892942939438,26
ln_production,red_pepper,-7,-0.04377132443641685,26
ln_production,red_pepper,-6,0.07128765171910878,26
ln_production,red_pepper,-5,-0.21124833099092477,26
ln_production,red_pepper,-4,-0.11335100914908125,26
ln_production,red_pepper,-3,-0.04088875234822531,26
ln_production,red_pepper,-2,-0.3205683633370171,26
ln_production,red_pepper,-1,0.0,26
