,,ln_area,ln_area,ln_area,ln_yield,ln_yield,ln_yield,ln_production,ln_production,ln_production
,,count,mean,std,count,mean,std,count,mean,std
crop_id,phase,,,,,,,,,
autumn_napa,clean,31,9.549118554183277,0.14106070970700313,31,9.231494451629468,0.0802375590981354,31,14.17543664690358,0.19506267561444524
autumn_napa,pilot_or_other_exposed,3,9.502110106748248,0.03593272726021117,3,9.142154113871706,0.04364158122945927,3,14.039094035392553,0.07520436938558105
autumn_radish,clean,33,9.129728770185865,0.40345827310060617,33,8.830008620343799,0.13884291747487718,33,13.354536484754558,0.30158036857668946
autumn_radish,pilot_or_other_exposed,1,8.57688853452811,,1,8.887848073059837,,1,12.859566416477223,
barley,clean,30,10.48633848873867,0.37789624384184434,30,5.563139660851149,0.14749819503639294,30,11.444060633517399,0.4292122655821674
barley,pilot_or_other_exposed,4,9.853703902380044,0.09516292215278428,4,5.565736599652716,0.16840436973224612,4,10.815272125767441,0.23515500735049885
cabbage,clean,26,8.60737251697747,0.16196682681205252,26,8.480237369057988,0.1423481412424281,26,12.482423176895061,0.25774798148180084
cabbage,pilot_or_other_exposed,8,8.909980352165448,0.1036439922420931,8,8.400744341157042,0.06323233815830102,8,12.705528082477276,0.11736598558598305
carrot,clean,28,8.153009476734947,0.38923230219041977,28,8.076536968139326,0.18854424951371743,28,11.624375969919935,0.309346114974046
carrot,pilot_or_other_exposed,6,7.860443186121046,0.16890192815657468,6,8.16563378523177,0.054696386174326386,6,11.420841176609647,0.18915694169100408
corn,clean,18,9.800052029155076,0.14153026467408603,18,6.049727413853802,0.09409596645169975,18,11.244768648233636,0.1295213570660695
corn,national_post,12,9.648202487998857,0.02350278736831164,12,6.288210663709314,0.08737564055915092,12,11.33116897861845,0.10011718509078173
corn,pilot_or_other_exposed,4,9.674488359483977,0.046252845131517346,4,6.1811751530412185,0.032389890940567725,4,11.250828277911165,0.055604292710274436
garlic,clean,19,10.473157523040607,0.1808279984845944,19,7.035748602444275,0.08502006643936619,19,12.903814810112168,0.1204553797374556
garlic,national_post,12,10.101654335444062,0.11679984850635253,12,7.179996044123704,0.07108499826515155,12,12.676480191958762,0.14390446842131882
garlic,pilot_or_other_exposed,3,10.118182273030607,0.11924383840769699,3,7.100576436488015,0.011637402635041259,3,12.613588525621713,0.11226763324453688
ginger,clean,34,7.861891527798391,0.4301081509902076,34,7.016958060955959,0.1820539750913471,34,10.27375918845159,0.3478535945674601
highland_napa,clean,28,8.864854544079266,0.28207866879699733,28,8.203199358377203,0.12567353272516527,28,12.46288009163581,0.31706661695905497
highland_napa,national_post,1,8.228690275497952,,1,8.34972083747249,,1,11.973137563253426,
highland_napa,pilot_or_other_exposed,5,8.470058261635147,0.12790558664818716,5,8.395952104667462,0.03419478780767605,5,12.260874378473655,0.1463661251005176
highland_radish,clean,28,7.927955329685348,0.1981413179142679,28,8.010932217216554,0.07666751490360899,28,11.333743436570797,0.20759422045159173
highland_radish,national_post,1,7.729895802025433,,1,8.23403420769204,,1,11.358841449587514,
highland_radish,pilot_or_other_exposed,5,7.872400409122267,0.10496886134829944,5,8.263987451499546,0.07329958470708564,5,11.531184609987786,0.13457132250878018
large_green_onion,clean,19,9.279970804773674,0.1499943187739188,19,7.9586566198128885,0.04273510312154109,19,12.633427700830648,0.16204280810437902
large_green_onion,national_post,1,9.41577722487992,,1,8.008698182988528,,1,12.819226492197677,
large_green_onion,pilot_or_other_exposed,5,9.228193577854324,0.07593468737022435,5,8.000450758985588,0.02738364024768681,5,12.623477271950339,0.0642596201851211
leaf_lettuce,clean,34,7.116977635004824,0.4717117732729087,34,7.608523972399354,0.08932373853526633,34,10.120332875430336,0.4597458989421783
malting_barley,clean,30,9.80392454214732,0.7471071162031963,30,5.6744988852594105,0.12341120383691945,30,10.873323456138218,0.8008149469545948
malting_barley,pilot_or_other_exposed,4,8.720540986647107,0.1139503009236155,4,5.577230088331872,0.20781781733768145,4,9.692117870177068,0.31360249521165945
mung_bean,clean,34,7.655635987777644,0.40710152348516,34,4.7118424186751025,0.17988615997667187,34,7.762600409994485,0.3752367111898945
onion,clean,18,9.54441797574959,0.21945215695905035,18,8.68368871212941,0.07041056123694689,18,13.622941503894989,0.2525684938885324
onion,national_post,13,9.8824189064315,0.14972589665116348,13,8.79846503056633,0.12161664574693071,13,14.07571375032699,0.1403232197708851
onion,pilot_or_other_exposed,3,9.957469634444168,0.11521275083161164,3,8.823197264986332,0.07800288175018387,3,14.175496713699452,0.05279367378995757
other_pulses,clean,34,8.698349063032792,0.13105822350691798,34,4.913058976469593,0.185273215225918,34,9.006125336464452,0.140754302382872
peanut,clean,34,8.496522009143693,0.36104666330810337,34,5.403712655766034,0.16074323785816721,34,9.29489365148707,0.3001589340114404
perilla,clean,34,10.420658231102442,0.18828980564478262,34,4.517468721369501,0.1942983300918334,34,10.333497169429574,0.31788386878678915
red_bean,clean,29,8.944028343679122,0.5697974057098689,29,4.696672044186961,0.08946791323922144,29,9.035788896643332,0.5663539392826135
red_bean,national_post,1,8.39660622842712,,1,4.941642422609304,,1,8.735364401103888,
red_bean,pilot_or_other_exposed,4,8.334722589484759,0.1307964545567141,4,4.884608010269391,0.10168654576946448,4,8.61379908063084,0.04322170465429749
red_pepper,clean,17,11.172048021687953,0.16793647126944844,17,5.480823801639732,0.11525079983088025,17,12.048025701684857,0.17397082411261067
red_pepper,national_post,10,10.316533146393533,0.08861125730707416,10,5.484797575066283,0.13236689780204344,10,11.196160520964003,0.18862429369607775
red_pepper,pilot_or_other_exposed,7,10.687431994104875,0.09417821678906334,7,5.445926412062325,0.1310361302369684,7,11.528160134937782,0.17933366659730338
sesame,clean,34,10.389175878620348,0.31962323538059845,34,3.9360218888806022,0.23218835454530937,34,9.719041122226642,0.45999267290786866
small_green_onion,clean,19,8.676388828756126,0.2779388491322472,19,7.707273222314058,0.06722352355275331,19,11.778430196399116,0.30339144922138633
small_green_onion,pilot_or_other_exposed,6,8.377218524855461,0.11723416427584263,6,7.671085940152005,0.010034083669124916,6,11.443106924760459,0.12161796460990634
soybean,clean,17,11.462003852102164,0.15002192989322768,17,5.009196390088121,0.09880967337481825,17,11.865901055853307,0.1891597017100322
soybean,national_post,13,11.02407410034516,0.192000142380533,13,5.205475359765132,0.12049025129040597,13,11.623835183243276,0.24726204015647493
soybean,pilot_or_other_exposed,4,11.206845377070824,0.0472187093182507,4,5.140292850216992,0.12391816977118401,4,11.743824214732125,0.12305178222018902
spinach,clean,30,8.194573191887573,0.20820545861870615,30,7.143260167648074,0.10178022168442154,30,10.732617604821144,0.277845953219765
spinach,pilot_or_other_exposed,4,7.630884643101448,0.23571459024953803,4,7.012981200765404,0.04968364817223921,4,10.038473642953935,0.18664467364973109
spring_napa,clean,33,9.275867647532108,0.5277254261714855,33,8.440353766020865,0.13560437345534762,33,13.111037508849906,0.49682670605068846
spring_napa,pilot_or_other_exposed,1,8.667964602225805,,1,8.527539483470381,,1,12.59033114121613,
spring_potato,clean,17,9.67278164207509,0.1567135702558353,17,7.787007823158145,0.11178330595546146,17,12.854626624162753,0.18769013929448897
spring_potato,national_post,12,9.658142504431977,0.12225738350278338,12,7.8230839344988325,0.07371843899221622,12,12.876075332244602,0.16562454616891478
spring_potato,pilot_or_other_exposed,5,9.672139480327363,0.15411419669841908,5,7.852627973143588,0.09640360080187486,5,12.919614951193015,0.07126760044722555
spring_radish,clean,34,9.20245779564705,0.4391797590625672,34,8.210571674942553,0.14127181577746392,34,12.805697983930475,0.38232501744856173
sweet_potato,clean,18,9.688435754832856,0.1295393203731489,18,7.577332465352693,0.10297832645145918,18,12.660545837067549,0.13526636533779351
sweet_potato,national_post,12,9.952269611805143,0.08627068729154497,12,7.344303242609944,0.054591835315294775,12,12.69135608668863,0.06666617357225722
sweet_potato,pilot_or_other_exposed,4,9.913624178642005,0.10552158610380076,4,7.334024415473218,0.0716851839031756,4,12.642547298076908,0.14634377142437918
wheat,clean,26,7.757310733558428,1.1978499422475744,26,5.818628272973377,0.14592634163503385,26,8.97066701007247,1.2137170923747302
wheat,national_post,4,9.069204156517133,0.2620662029411365,4,6.0391685114937665,0.05388417644167195,4,10.503212416426804,0.27869938765106866
wheat,pilot_or_other_exposed,4,8.679388611929863,0.38364276827284827,4,5.936980348220201,0.10301873798928209,4,10.011312209440266,0.4160452740298809
winter_napa,clean,6,8.26629671816821,0.14811063517160614,6,8.906876712588753,0.06286845250176377,6,12.567991044328176,0.18035016863364475
winter_napa,pilot_or_other_exposed,5,8.215079536567947,0.10399652822343174,5,8.801087669172594,0.02394222393203418,5,12.411010053436538,0.09634447291240576
winter_radish,clean,6,8.698687326999222,0.1347707881887046,6,8.674194737316936,0.1805293747623937,6,12.767712450779014,0.19017383067117372
winter_radish,pilot_or_other_exposed,5,8.69119241378947,0.08312296560280018,5,8.802880028989396,0.01260938752659324,5,12.88891126540878,0.07521261180512462
