"id","omega","e","weighted"
"GG_동두천시",0.0121527484569229,-0.293597566205684,-0.00356801736966245
"GG_과천시",0.0027807873837792,-1.09416526990585,-0.00304264097832355
"GW_평창군",0.00989733527351524,-0.243036332475473,-0.00240541206615528
"GW_속초시",0.0117275991968218,-0.191807238908822,-0.00224943842097171
"GG_의왕시",0.0133705752044782,-0.140618310794161,-0.00188014769960001
"GW_정선군",0.00796626961326167,-0.187210157287167,-0.0014913665872907
"GG_하남시",0.00156078468136566,-0.886714291323149,-0.00138397008264517
"GN_통영시",0.00646422156024768,-0.205370647166444,-0.00132756136525535
"GG_오산시",0.0110396641117007,-0.105936181619,-0.00116949986234988
"GW_화천군",0.008702611665632,-0.130821138553909,-0.00113848556649051
"GG_의정부시",0.00910878574514375,-0.124027488842234,-0.00112973982237212
"GW_홍천군",0.00906047965162128,-0.119245527322572,-0.00108042167385301
"CN_금산군",0.0044142057414698,-0.216363228794555,-0.00095507180678787
"GB_영양군",0.00834749813778667,-0.114053363623631,-0.000952060240456567
"CB_충주시",0.00935029072937432,-0.0969912992695058,-0.00090689684638963
"GG_고양시",0.00867051440640896,-0.102304925841754,-0.000887036333357533
"JB_장수군",0.00930690540795506,-0.092690077707129,-0.000862657785476254
"GG_김포시",0.010198203672202,-0.0817527305597063,-0.000833730997006536
"JN_광양시",0.0051753293503564,-0.161022932982637,-0.000833346711145514
"CB_괴산군+증평군",0.0082965849376254,-0.0946867348689804,-0.000785576538306912
"GW_인제군",0.0101243628061035,-0.0727408056478003,-0.000736454307186589
"CN_천안시",0.0107745279614974,-0.0647756550254512,-0.000697927106296036
"GG_시흥시",0.0103222433699284,-0.0660875784277071,-0.000682172068260022
"CB_옥천군",0.00724935647288175,-0.0938737497055122,-0.000680524275061337
"GB_고령군",0.0105564426564707,-0.0614596113783449,-0.00064879486320447
"JN_진도군",0.0106815999014797,-0.0597266623657707,-0.000637976310841928
"GW_횡성군",0.00894543248493068,-0.0677390016363575,-0.000605954665734645
"GG_광주시",0.00654614588640272,-0.0876983865169823,-0.0005740864321423
"GW_양구군",0.00529602019165802,-0.107107111417646,-0.000567241424738019
"JN_완도군",0.00983293122190188,-0.0528487737509189,-0.000519658357454639
"GB_군위군",0.00886781383518221,-0.053026698595969,-0.000470230891443371
"GB_울진군",0.00850092631435194,-0.0528431514353653,-0.000449215736570182
"GG_포천시",0.00890990269912333,-0.0455684462100138,-0.000406010421881458
"GG_연천군",0.00921035073183078,-0.0438819908950429,-0.00040416852695435
"GB_영주시",0.00791163015323007,-0.0483818300475862,-0.000382779145472936
"GG_양주시",0.00854102795305588,-0.0435787186489573,-0.000372207054139102
"CB_보은군",0.0116634972769538,-0.0292118509371233,-0.000340712343859919
"GB_포항시",0.0103253264783375,-0.0315292895638603,-0.000325550208376896
"CB_음성군",0.00975558659131111,-0.0333412801970947,-0.000325263746027924
"GN_남해군",0.00885082769942004,-0.0359737234626918,-0.000318397228074869
"JN_담양군",0.0101714775953021,-0.0309398132032249,-0.000314703616799435
"JN_무안군",0.0106219673767906,-0.0292783682333685,-0.000310993872220503
"GW_원주시",0.0101988731209865,-0.0294228553916122,-0.000300079968996187
"CN_공주시",0.0099830939125373,-0.0280542979948886,-0.00028006869153328
"JB_임실군",0.00965338769871023,-0.0286413396064241,-0.000276485955431237
"GN_거제시",0.00618025802197584,-0.0429424496989944,-0.000265395419235504
"GG_여주시",0.0103433992190731,-0.0245371577600112,-0.000253797618413173
"GN_고성군",0.01023842468878,-0.0240348254756054,-0.000246078750539956
"GN_창녕군",0.0109953462845556,-0.021828477029479,-0.000240011663803588
"JB_무주군",0.00392975843160136,-0.0559685148316209,-0.000219942743063768
"GW_춘천시",0.00840146711858351,-0.0249668014324769,-0.000209757761291158
"JB_남원시",0.0103236368429253,-0.0186810701164043,-0.000192856583718982
"GG_안성시",0.0107891552163172,-0.0170763073594044,-0.000184238930622154
"JB_완주군",0.00621555984927001,-0.029449654352217,-0.00018304608916652
"GW_영월군",0.00533777080271915,-0.0336639279695032,-0.000179690331820455
"CB_단양군",0.0019655624596654,-0.0854179658154508,-0.000167894346987833
"GB_영천시",0.00705191379690701,-0.0205304083792666,-0.000144778670105885
"JN_목포시",0.00610291546836339,-0.021856370344713,-0.000133387580659028
"JN_여수시",0.00628720400758438,-0.0207688757627631,-0.000130578158928666
"GB_봉화군",0.00920471533938378,-0.0118288975152108,-0.000108881634406259
"JN_순천시",0.00676435072291437,-0.0140250452031067,-9.48703246585413e-05
"GG_파주시",0.00852429201960805,-0.0109815922152903,-9.36102988833888e-05
"GG_남양주시",0.00156078468136566,-0.0523126014910837,-8.16487070496697e-05
"GG_군포시",0.00585653677898706,-0.0134715649398014,-7.88967155404595e-05
"JN_화순군",0.0104630878107456,-0.00612334183301588,-6.40690632940571e-05
"GB_문경시",0.00973120638875834,-0.00596473377073392,-5.80440553770085e-05
"GG_용인시",0.00875321702236877,-0.00599107176771141,-5.24411513793645e-05
"GN_함양군",0.00907989582340113,-0.0053585750633055,-4.86553033366891e-05
"CN_연기군",0.00899242170916256,-0.00534843973104793,-4.8095425547623e-05
"CN_부여군",0.00975701647899848,-0.00474671090288192,-4.63137365004607e-05
"CB_영동군",0.00509890952489801,-0.00721415670292691,-3.67843323266609e-05
"GN_사천시",0.00900152127770881,-0.00282045795259156,-2.5388412273136e-05
"GB_영덕군",0.00944674644201193,-0.00237346263783078,-2.24214997291762e-05
"JN_장성군",0.00787120210773981,-0.00284607981149487,-2.24020694110342e-05
"JN_구례군",0.00911151413494333,-0.00197576462737103,-1.80022073296122e-05
"GW_강릉시",0.00624074920549697,-0.00206260900079047,-1.2872225482934e-05
"GG_광명시",0.00156078468136566,-0.00347170866242208,-5.41858969847283e-06
"JB_순창군",0.00885654496148353,0.00202291582788189,1.79160449829326e-05
"JN_장흥군",0.0103091865846171,0.00200485907543269,2.06684662844985e-05
"GB_예천군",0.00965840096384861,0.00241473466897346,2.33224756542519e-05
"JN_강진군",0.0109245146142322,0.00238181510544644,2.60201739278486e-05
"GB_성주군",0.00557387451878137,0.00556448175951862,3.10157230896046e-05
"GG_안산시",0.00699408512347846,0.00676678400211794,4.73274633230051e-05
"GB_김천시",0.00846952997277813,0.0058929868986648,4.99108291674304e-05
"GN_거창군",0.00895398184669073,0.0057782524248926,5.17383673180851e-05
"JN_신안군",0.0116509591346625,0.00780003163891374,9.08778498740587e-05
"GW_고성군",0.0103405548306428,0.00908885576699797,9.39838114064465e-05
"GB_칠곡군",0.00808405652321338,0.0120826163060221,9.76765531661827e-05
"GN_창원시+마산시+진해시",0.00841735972197797,0.0127950139227523,0.000107700234835522
"GN_하동군",0.00886151556686188,0.0122387675700036,0.000108454029340792
"GN_합천군",0.0101718012007786,0.012238240219446,0.000124484946559579
"GG_수원시",0.00672032705471943,0.0186438224472858,0.00012529258439588
"JN_곡성군",0.00949871346972866,0.0147041594155346,0.000139670597101376
"GN_진주시",0.00824129451783705,0.0172655437040232,0.000142290430675443
"GB_청송군",0.00842138876250025,0.0180228863082199,0.000151777732223863
"CB_제천시",0.00896823731152271,0.0174376547490087,0.000156385025945511
"GB_청도군",0.00631620871362506,0.0271124762737063,0.000171248058887936
"CN_서천군",0.0110489389456422,0.015519151345798,0.000171470155707904
"GW_동해시",0.00363023374959386,0.0490655575846519,0.000178119443086444
"CN_보령시",0.0108505884319589,0.0171620547400109,0.000186218392630608
"GG_가평군",0.00302006676333277,0.0656360853012221,0.000198225359693495
"CN_태안군",0.0110960239625023,0.0196482548629622,0.000218017506780782
"GW_양양군",0.0082097904578822,0.0283636806928552,0.00023285987510262
"JB_군산시",0.01113986150724,0.0220407680560566,0.00024553110365767
"GN_양산시",0.00156078468136566,0.158574448158854,0.000247500569542352
"GG_양평군",0.00888341108752514,0.0288805518055484,0.000256557814123253
"JN_보성군",0.00977015879353878,0.0265343467693258,0.000259244781419135
"JB_진안군",0.00493847393482586,0.058832633428879,0.000290543426705683
"GB_안동시",0.00920555375027136,0.0334415378031043,0.000307847873738209
"GN_산청군",0.0058159944722896,0.0530922293092226,0.000308784112183971
"GN_의령군",0.00831397538191678,0.0397330789581606,0.000330339840305903
"CN_청양군",0.0103177229697452,0.0325330633288193,0.000335667134783933
"JB_전주시",0.00729704864076611,0.0478454795830922,0.000349130791758605
"GG_성남시",0.00156078468136566,0.224007822929075,0.00034962797853377
"CN_홍성군",0.0105534197534959,0.0336024752886012,0.000354621026477081
"JN_함평군",0.0101686765680353,0.0371950445190231,0.000378224377647621
"CB_청주시",0.00853057729480211,0.0595126921962126,0.000507677620801558
"GN_함안군",0.0098797772888393,0.0650113542625038,0.000642297701359372
"GG_부천시",0.00628371879567334,0.109904063453522,0.000690606229243769
"GW_삼척시",0.00437394448852672,0.170317350099322,0.000744958634767404
"GB_경산시",0.00585046652865724,0.148437314257572,0.000868427538667701
