"year","gap_change","jackknife_se","z","y_rice_change","y_farmland_change"
"2001",-0.0329304348367609,0.0309723846025977,-1.06321922768578,-0.0283003837271956,0.00463005110956516
"2002",0.00843512456185941,0.00452858550049205,1.86264001440249,0.0111033454135061,0.0026682208516462
"2003",0.0156392925233833,0.00984717335058508,1.58820119912422,0.0185310537090011,0.0028917611856194
"2004",0.005383174040827,0.00715432867757405,0.752435942410794,0.0120789243713908,0.00669575033056269
"2005",0.0105657550466166,0.0062899895457979,1.67977306952365,0.014645784151444,0.00408002910482885
"2006",0.0167570477637404,0.00996855124035895,1.68099128546356,0.0106842330063568,-0.00607281475738475
"2007",-0.00748360315416463,0.00487516714739854,-1.53504545134581,-0.000444182053549014,0.00703942110061462
"2008",0.00821384647105533,0.00716128668519688,1.14697914385053,0.0137000865257502,0.00548624005469556
"2009",-0.00390096442573734,0.00724347083618182,-0.538549062177714,0.0108590215192148,0.0147599859449521
"2010",0.00223089748389954,0.0181661907617889,0.122804913432487,0.00636848678238522,0.00413758929848562
"2011",0.0127328168980922,0.00677041342832508,1.8806557432405,0.0161077026443017,0.0033748857462097
