"g","t","beta","se"
2009,2000,-0.135325999665735,0.0414909358938583
2009,2001,-0.156026311851601,0.027662657178974
2009,2002,-0.138408881980093,0.0249387088276032
2009,2003,-0.114686584966075,0.0221539064754381
2009,2004,-0.0944511372637115,0.0208261935882872
2009,2005,-0.0661456257190567,0.0174705447886229
2009,2006,-0.0210014028392923,0.00899745914141924
2009,2007,-0.0176101962382345,0.00803396636343686
2009,2008,0,NA
2009,2009,0.0096081124776178,0.00680805036105375
2009,2010,0.0313128717430522,0.0246096399454986
2009,2011,0.0647432575233456,0.0253837205088471
2011,2000,-0.217251850155407,0.0513251971313045
2011,2001,-0.240616449128943,0.0379882014543954
2011,2002,-0.223174087817347,0.0353618109666454
2011,2003,-0.195255617393582,0.0337989460108752
2011,2004,-0.168665799071722,0.0308340342266035
2011,2005,-0.14422591955142,0.0286570201000285
2011,2006,-0.101428585475585,0.0201659458847632
2011,2007,-0.0904907747401098,0.0175805495266583
2011,2008,-0.0680439971899295,0.0165942229311818
2011,2009,-0.0552139143214123,0.0159103339812309
2011,2010,0,NA
2011,2011,0.0450138247446117,0.0091820801890788
