variant,outcome,date_scenario,window,pilot_shift,national_shift,min_treated_per_event,est,se_cluster,ci_lo_wild,ci_hi_wild,p_wild,se_wild,p_normal_cluster,G,n_treated,n_controls,e_range,pre_wald,pre_k,pre_p_boot,pre_mean
original,ln_area,original,0_9,0,0,7,0.04841907331950002,0.1390457545418563,-0.22064883016316766,0.3174869768021677,0.7338,0.13684385814574868,0.7276719407480394,29,7,24,0..9,8.712964158568626,8,0.3729,-0.065632348067033
original,ln_area,original,0_8,0,0,7,0.055085285172210126,0.1367292645175171,-0.21058242122958953,0.32075299157400977,0.6907,0.1345810952002554,0.6870375861216742,29,7,24,0..8,8.712964158568626,8,0.3729,-0.065632348067033
original,ln_area,pilot_minus1,0_9,-1,0,7,0.0031157909482049887,0.13213488814405516,-0.25238664595129445,0.2586182278477044,0.9809,0.1297621786313763,0.9811873218422345,29,7,24,0..9,7.153704431661575,7,0.4517,-0.17773069773740133
original,ln_area,pilot_minus1,0_8,-1,0,7,0.00966040336689906,0.12993181440743706,-0.2421983558130278,0.2615191625468259,0.9392,0.12762117564176856,0.9407320583988907,29,7,24,0..8,7.153704431661575,7,0.4517,-0.17773069773740133
original,ln_area,pilot_plus1,0_9,1,0,7,0.06798294026596283,0.11987901015805617,-0.16148166069645004,0.2974475412283757,0.5722,0.11734949787013133,0.5706487726766856,29,7,24,0..9,9.220876852167459,9,0.4369,-0.04526225822281001
original,ln_area,pilot_plus1,0_8,1,0,7,0.0759266205402423,0.1161666669359567,-0.14654860787792198,0.2984018489584066,0.5128,0.11374436534775169,0.5133690614334383,29,7,24,0..8,9.220876852167459,9,0.4369,-0.04526225822281001
original,ln_area,national_minus1,0_9,0,-1,7,0.061148672397678586,0.13484420502087974,-0.20054442104156295,0.3228417658369201,0.6544,0.13276609298377973,0.6502056920816328,29,7,24,0..9,9.027514367778169,9,0.4733,-0.0711132283105239
original,ln_area,national_minus1,0_8,0,-1,7,0.06390898111171885,0.1344909027467117,-0.19638462759249892,0.3242025898159366,0.6392,0.1325017076026027,0.6346502343912246,29,7,24,0..8,9.027514367778169,9,0.4733,-0.0711132283105239
original,ln_area,national_plus1,0_9,0,1,6,0.04872445752664062,0.13907224530922888,-0.21931748515612232,0.31676640020940355,0.7297,0.1368422703969429,0.7260733671815078,29,7,24,0..9,8.653254716982884,7,0.2518,-0.041607285735139235
original,ln_area,national_plus1,0_8,0,1,7,0.04020924234369756,0.14155508227582111,-0.2339690449473344,0.3143875296347295,0.7817,0.13928993842107926,0.7763692417869827,29,7,24,0..8,8.653254716982884,7,0.2518,-0.041607285735139235
original,ln_yield,original,0_9,0,0,7,-0.02840525470520987,0.05478044445460138,-0.13148004744153063,0.07466953803111089,0.6027,0.052974368205441935,0.6040891603268408,29,7,24,0..9,6.695214952064831,8,0.674,-0.01648807361778212
original,ln_yield,original,0_8,0,0,7,-0.02669617424176255,0.05199284300103399,-0.12503509996810644,0.07164275148458132,0.6075,0.050290969569620814,0.6076305382850349,29,7,24,0..8,6.695214952064831,8,0.674,-0.01648807361778212
original,ln_yield,pilot_minus1,0_9,-1,0,7,-0.01557725521345523,0.04105632626287675,-0.09336520776272214,0.062210697335811686,0.7044,0.040100237085025844,0.7043820791385504,29,7,24,0..9,7.7567160498464665,7,0.3509,-0.03398873883801083
original,ln_yield,pilot_minus1,0_8,-1,0,7,-0.013982070187804103,0.03862695787147513,-0.08809432774336177,0.060130187367753565,0.7103,0.03770472602164089,0.7173692207268967,29,7,24,0..8,7.7567160498464665,7,0.3509,-0.03398873883801083
original,ln_yield,pilot_plus1,0_9,1,0,7,-0.0415853323649622,0.03547221072684826,-0.1091784038914248,0.0260077391615004,0.235,0.034418582182054805,0.24106237890274373,29,7,24,0..9,7.9271010629810945,9,0.6251,-0.0431840261816471
original,ln_yield,pilot_plus1,0_8,1,0,7,-0.04068067564124734,0.03374427719173586,-0.10479763771110373,0.02343628642860906,0.215,0.03270855220336809,0.22798804956302732,29,7,24,0..8,7.9271010629810945,9,0.6251,-0.0431840261816471
original,ln_yield,national_minus1,0_9,0,-1,7,-0.025515871876942476,0.051268238515237374,-0.12226524293812993,0.07123349918424499,0.6209,0.04959064626474439,0.6187000515490719,29,7,24,0..9,7.951532331102511,9,0.6201,-0.014846790364196625
original,ln_yield,national_minus1,0_8,0,-1,7,-0.024551644286667784,0.05051716445189513,-0.11895578745529581,0.06985249888196024,0.6322,0.04889207513766958,0.6269629222888007,29,7,24,0..8,7.951532331102511,9,0.6201,-0.014846790364196625
original,ln_yield,national_plus1,0_9,0,1,6,-0.03125709930112368,0.060049556738026144,-0.14392651298005193,0.08141231437780456,0.6022,0.05803282847118451,0.6026999847869883,29,7,24,0..9,4.279072875228646,7,0.8518,-0.009366357835054925
original,ln_yield,national_plus1,0_8,0,1,7,-0.03363975078258681,0.05906646813974381,-0.1444209054018845,0.07714140383671086,0.5672,0.05712453172054268,0.5690008227500858,29,7,24,0..8,4.279072875228646,7,0.8518,-0.009366357835054925
original,ln_production,original,0_9,0,0,7,0.0198832667621557,0.15912597164769807,-0.2810368161041804,0.3208033496284918,0.9077,0.1559800727384321,0.9005607630381389,29,7,24,0..9,8.22479289690455,8,0.4369,-0.0818544822957772
original,ln_production,original,0_8,0,0,7,0.02816835542901589,0.1550312626841368,-0.26653487286243716,0.322871583720469,0.864,0.1520191984718552,0.8558223424119538,29,7,24,0..8,8.22479289690455,8,0.4369,-0.0818544822957772
original,ln_production,pilot_minus1,0_9,-1,0,7,-0.0128645609494809,0.13707199809010484,-0.2755715105835295,0.2498423886845677,0.9239,0.1341096734533949,0.9252262615332056,29,7,24,0..9,6.787775781608921,7,0.5045,-0.21159206617726592
original,ln_production,pilot_minus1,0_8,-1,0,7,-0.004820042722052002,0.13290096002828408,-0.26119900603317,0.251558920589066,0.9717,0.1300324525367689,0.9710687212198839,29,7,24,0..8,6.787775781608921,7,0.5045,-0.21159206617726592
original,ln_production,pilot_plus1,0_9,1,0,7,0.02547335086277286,0.12457731065705353,-0.21238761155593794,0.26333431328148366,0.8359,0.12154569788634344,0.8379797844686419,29,7,24,0..9,8.350576323092366,9,0.5677,-0.08885843730085119
original,ln_production,pilot_plus1,0_8,1,0,7,0.03424275504410667,0.12060955151428411,-0.19544366420419612,0.2639291742924095,0.7706,0.11768426869830456,0.7764761930796094,29,7,24,0..8,8.350576323092366,9,0.5677,-0.08885843730085119
original,ln_production,national_minus1,0_9,0,-1,7,0.03547968936904798,0.15361020896145433,-0.25495422126024103,0.325913599998337,0.8263,0.15065016218095215,0.8173363919116152,29,7,24,0..9,9.369940937607685,9,0.4242,-0.08564949474149773
original,ln_production,national_minus1,0_8,0,-1,7,0.03914865196112294,0.15046945188952152,-0.24411203687334998,0.32240934079559586,0.8027,0.14765527579922139,0.7947274428146269,29,7,24,0..8,9.369940937607685,9,0.4242,-0.08564949474149773
original,ln_production,national_plus1,0_9,0,1,6,0.017330396644121233,0.15973014360086418,-0.28634676966546296,0.3210075629537054,0.9202,0.15653992521198762,0.9136006891481159,29,7,24,0..9,8.20349299418367,7,0.298,-0.05085209894066807
original,ln_production,national_plus1,0_8,0,1,7,0.006483886058114828,0.16382741951325427,-0.30411709048114016,0.31708486259736984,0.9707,0.16058025630182599,0.9684299348183734,29,7,24,0..8,8.20349299418367,7,0.298,-0.05085209894066807
exclude_spring,ln_area,original,0_9,0,0,7,-0.04137829280291037,0.13374086828530832,-0.29417547217275875,0.211418886566938,0.7583,0.13090888982349644,0.7570237072808303,27,7,22,0..9,8.809645046115865,8,0.3533,-0.05536550277677068
exclude_spring,ln_area,original,0_8,0,0,7,-0.026212834627774483,0.13351020730662122,-0.2801279193029706,0.22770225004742164,0.8439,0.13076502764238446,0.8443473348632538,27,7,22,0..8,8.809645046115865,8,0.3533,-0.05536550277677068
exclude_spring,ln_area,pilot_minus1,0_9,-1,0,7,-0.09598226778379346,0.1248539473319037,-0.33170373565050093,0.13973920008291404,0.4427,0.12209579050657049,0.4420379519378992,27,7,22,0..9,6.94892233594735,7,0.4802,-0.17246536856490552
exclude_spring,ln_area,pilot_minus1,0_8,-1,0,7,-0.08073526120118829,0.12511345277758235,-0.31761522639846174,0.15614470399608518,0.5224,0.12247637691633605,0.5187351224509424,27,7,22,0..8,6.94892233594735,7,0.4802,-0.17246536856490552
exclude_spring,ln_area,pilot_plus1,0_9,1,0,7,-0.01669527709890125,0.11571116255409118,-0.23513601066703385,0.20174545646923134,0.8923,0.11334867183572235,0.8852761595649332,27,7,22,0..9,9.16421139829274,9,0.4429,-0.031866676018175374
exclude_spring,ln_area,pilot_plus1,0_8,1,0,7,-0.0006982439988341034,0.11372373346482595,-0.21504884356138984,0.2136523555637216,0.9963,0.11146777817714583,0.9951011579635554,27,7,22,0..8,9.16421139829274,9,0.4429,-0.031866676018175374
exclude_spring,ln_area,national_minus1,0_9,0,-1,7,-0.013727850004078423,0.1335022540185508,-0.2673321124015803,0.23987641239342342,0.9166,0.1308101489573368,0.9180990053070968,27,7,22,0..9,8.99028740350676,9,0.4682,-0.061900477215686686
exclude_spring,ln_area,national_minus1,0_8,0,-1,7,-0.004576090660886777,0.13435043997061988,-0.26063684549632377,0.25148466417455023,0.9745,0.13171878442606114,0.9728286246967257,27,7,22,0..8,8.99028740350676,9,0.4682,-0.061900477215686686
exclude_spring,ln_area,national_plus1,0_9,0,1,6,-0.05479365771135311,0.1306945526332132,-0.2996722497581138,0.19008493433540757,0.6824,0.12780409212085506,0.6750336211545638,27,7,22,0..9,8.760913437342074,7,0.2349,-0.03144310280108674
exclude_spring,ln_area,national_plus1,0_8,0,1,7,-0.056877016142293985,0.13400455356066085,-0.3081289711832481,0.19437493889866017,0.6781,0.13112127130297097,0.6712442825839271,27,7,22,0..8,8.760913437342074,7,0.2349,-0.03144310280108674
exclude_spring,ln_yield,original,0_9,0,0,7,-0.03217467118642479,0.05824724504919793,-0.14285694041694397,0.07850759804409438,0.5876,0.05738732507957247,0.5806873486318591,27,7,22,0..9,6.516537075333348,8,0.6946,-0.01821152202170012
exclude_spring,ln_yield,original,0_8,0,0,7,-0.028377602564407745,0.054920994231632665,-0.1330713384604137,0.0763161333315982,0.6135,0.05408658421347558,0.6053665514734745,27,7,22,0..8,6.516537075333348,8,0.6946,-0.01821152202170012
exclude_spring,ln_yield,pilot_minus1,0_9,-1,0,7,-0.020530338781285497,0.04440981407750545,-0.1060184561881034,0.06495777862553243,0.6365,0.04331598176478771,0.6438713382236214,27,7,22,0..9,7.77989832806562,7,0.3441,-0.03657958556790086
exclude_spring,ln_yield,pilot_minus1,0_8,-1,0,7,-0.016739589573360025,0.04147379253940895,-0.09628614246993197,0.06280696332321192,0.6795,0.04033779967661628,0.6864932858343209,27,7,22,0..8,7.77989832806562,7,0.3441,-0.03657958556790086
exclude_spring,ln_yield,pilot_plus1,0_9,1,0,7,-0.04705258352492406,0.037851107356397226,-0.11941395265917021,0.025308785609322093,0.2059,0.03698596219033946,0.213832232086121,27,7,22,0..9,7.816560221608034,9,0.6483,-0.046931631175512224
exclude_spring,ln_yield,pilot_plus1,0_8,1,0,7,-0.04394557672371689,0.03556485025847133,-0.11177612185249858,0.023884968405064794,0.2066,0.034683276766205876,0.21659005507324114,27,7,22,0..8,7.816560221608034,9,0.6483,-0.046931631175512224
exclude_spring,ln_yield,national_minus1,0_9,0,-1,7,-0.026743210084769986,0.05395112529076581,-0.1294342916182235,0.07594787144868355,0.6288,0.05314263659454382,0.620110831228085,27,7,22,0..9,7.898396422328276,9,0.6299,-0.01695382151765546
exclude_spring,ln_yield,national_minus1,0_8,0,-1,7,-0.024763084612286344,0.05253100111558663,-0.12384051198437498,0.07431434275980231,0.6511,0.05175587293912505,0.6373555144034588,27,7,22,0..8,7.898396422328276,9,0.6299,-0.01695382151765546
exclude_spring,ln_yield,national_plus1,0_9,0,1,6,-0.037881340759321355,0.0645163630815484,-0.16066050445162572,0.084897822932983,0.5686,0.06364241218271711,0.5570971594399319,27,7,22,0..9,4.1938051427681815,7,0.857,-0.010676227351724295
exclude_spring,ln_yield,national_plus1,0_8,0,1,7,-0.03804999632294854,0.06286898596374565,-0.15746579289152698,0.0813658002456299,0.5539,0.06197619557261782,0.54502829908573,27,7,22,0..8,4.1938051427681815,7,0.857,-0.010676227351724295
exclude_spring,ln_production,original,0_9,0,0,7,-0.07367861151671123,0.15743148986255337,-0.37088080992606043,0.22352358689263796,0.6523,0.15423460192314759,0.6397815269280693,27,7,22,0..9,8.416703574572066,8,0.4109,-0.07363962225558184
exclude_spring,ln_production,original,0_8,0,0,7,-0.05481016862044468,0.15547186456951131,-0.3475497686174065,0.23792943137651712,0.7275,0.1523912279731113,0.7244327591905546,27,7,22,0..8,8.416703574572066,8,0.4109,-0.07363962225558184
exclude_spring,ln_production,pilot_minus1,0_9,-1,0,7,-0.11689798767748859,0.13181680070170732,-0.3658156754948876,0.13201970013991038,0.3823,0.1288761551935979,0.37517495007264534,27,7,22,0..9,6.643921594541743,7,0.5253,-0.20927525567467117
exclude_spring,ln_production,pilot_minus1,0_8,-1,0,7,-0.09796213492022718,0.130068721204961,-0.34303183762652456,0.14710756778607023,0.4564,0.12730670551417406,0.45135572753084574,27,7,22,0..8,6.643921594541743,7,0.5253,-0.20927525567467117
exclude_spring,ln_production,pilot_plus1,0_9,1,0,7,-0.06472095555396701,0.12093709812594772,-0.29420058171584035,0.16475867060790633,0.6023,0.11828942633073378,0.5925377475659757,27,7,22,0..9,8.228926772053596,9,0.584,-0.0795235971167473
exclude_spring,ln_production,pilot_plus1,0_8,1,0,7,-0.04569367485904561,0.1191469021621818,-0.2721573393929175,0.18076998967482627,0.7159,0.11663894370375681,0.701343857077924,27,7,22,0..8,8.228926772053596,9,0.584,-0.0795235971167473
exclude_spring,ln_production,national_minus1,0_9,0,-1,7,-0.04062191289229103,0.15578796483277488,-0.33407623385275875,0.25283240806817664,0.7948,0.15275590040524845,0.7942843096572112,27,7,22,0..9,9.771726935555032,9,0.3681,-0.0788360430462637
exclude_spring,ln_production,national_minus1,0_8,0,-1,7,-0.02954793204053737,0.1534741535644194,-0.3193374881729166,0.26024162409184187,0.8473,0.15057323504334927,0.8473293507565645,27,7,22,0..8,9.771726935555032,9,0.3681,-0.0788360430462637
exclude_spring,ln_production,national_plus1,0_9,0,1,6,-0.09282347677672755,0.1551960125907221,-0.38680438783698534,0.20115743428353028,0.563,0.15190691434844886,0.5497700218368302,27,7,22,0..9,8.386086306851684,7,0.2798,-0.04212283443822569
exclude_spring,ln_production,national_plus1,0_8,0,1,7,-0.09500570257696594,0.16028315696915482,-0.3965937902173185,0.2065823850633866,0.5697,0.1569966834796039,0.553357405343827,27,7,22,0..8,8.386086306851684,7,0.2798,-0.04212283443822569
