variant,outcome,innovation_rho,method,repetitions,bootstrap_draws,rejections,rejection_rate,mc_se,mc95_lo,mc95_hi,null_inclusion,inclusion_mc95_lo,inclusion_mc95_hi,inclusion_definition,cluster_t_interval_coverage,mean_original_interval_width
original,ln_area,0.0,original_multiplier,4000,999,270,0.0675,0.003966854862482367,0.060132726270568676,0.07569719217502313,0.93075,0.9224620021526498,0.9382114374532723,reported_interval_contains_zero,,0.3617637724752996
original,ln_area,0.0,stacked_WCR,4000,999,312,0.078,0.004240165091125581,0.07008844018232667,0.08672132995418137,0.922,0.9132786700458188,0.9299115598176734,membership_in_test_inversion_at_zero_only,0.871,
original,ln_area,0.0,seven_means_t6,4000,0,444,0.111,0.00496686520855962,0.10163586239470895,0.12111058448467882,0.889,0.8788894155153213,0.8983641376052911,reported_interval_contains_zero,,
original,ln_area,0.3,original_multiplier,4000,999,386,0.0965,0.004668719042735384,0.08773281532304618,0.10604145541174294,0.901,0.8913562457782725,0.9098742807033869,reported_interval_contains_zero,,0.3503265664106501
original,ln_area,0.3,stacked_WCR,4000,999,407,0.10175,0.00478008727692288,0.09276000260735572,0.1115041939728915,0.89825,0.8884958060271085,0.9072399973926443,membership_in_test_inversion_at_zero_only,0.8375,
original,ln_area,0.3,seven_means_t6,4000,0,571,0.14275,0.005531103811627477,0.13225177872498647,0.15393374350550523,0.85725,0.8460662564944947,0.8677482212750136,reported_interval_contains_zero,,
original,ln_area,0.6,original_multiplier,4000,999,473,0.11825,0.005105559163793913,0.10860765291707668,0.12862488203461042,0.879,0.8685280746528724,0.8887446673335339,reported_interval_contains_zero,,0.3398418067530278
original,ln_area,0.6,stacked_WCR,4000,999,511,0.12775,0.0052780189820613565,0.11776122294154087,0.1384530825876419,0.87225,0.8615469174123581,0.8822387770584591,membership_in_test_inversion_at_zero_only,0.8015,
original,ln_area,0.6,seven_means_t6,4000,0,619,0.15475,0.005718444663979883,0.14387378394179362,0.1662887116497453,0.84525,0.8337112883502547,0.8561262160582064,reported_interval_contains_zero,,
original,ln_yield,0.0,original_multiplier,4000,999,309,0.07725,0.0042214463605499,0.0693757513026464,0.0859354579987962,0.9205,0.9117075977446403,0.9284855104487209,reported_interval_contains_zero,,0.16408890845682567
original,ln_yield,0.0,stacked_WCR,4000,999,330,0.0825,0.004350107757286019,0.07436919518146433,0.09143193996543643,0.9175,0.9085680600345636,0.9256308048185358,membership_in_test_inversion_at_zero_only,0.85125,
original,ln_yield,0.0,seven_means_t6,4000,0,421,0.10525,0.004852124212651609,0.09611577238401509,0.11514170809320423,0.89475,0.8848582919067959,0.903884227615985,reported_interval_contains_zero,,
original,ln_yield,0.3,original_multiplier,4000,999,482,0.1205,0.005147323333539481,0.1107738096670725,0.13095440778981093,0.8765,0.8659413157641385,0.8863362234387162,reported_interval_contains_zero,,0.15947845111253903
original,ln_yield,0.3,stacked_WCR,4000,999,516,0.129,0.005299976415041863,0.11896707520276556,0.13974483171819296,0.871,0.860255168281807,0.8810329247972345,membership_in_test_inversion_at_zero_only,0.79775,
original,ln_yield,0.3,seven_means_t6,4000,0,577,0.14425,0.005555221361476066,0.13370316144102923,0.15547948245959337,0.85575,0.8445205175404066,0.8662968385589708,reported_interval_contains_zero,,
original,ln_yield,0.6,original_multiplier,4000,999,703,0.17575,0.006017930240124091,0.16426772860478142,0.18785447036858996,0.82125,0.8090699729115003,0.8328135847748666,reported_interval_contains_zero,,0.15521857892087834
original,ln_yield,0.6,stacked_WCR,4000,999,760,0.19,0.006202821938440599,0.17814231387220486,0.20245254096741006,0.81,0.7975474590325901,0.8218576861277952,membership_in_test_inversion_at_zero_only,0.72425,
original,ln_yield,0.6,seven_means_t6,4000,0,716,0.179,0.006061332361783175,0.1674296952710694,0.19118626732091895,0.821,0.808813732679081,0.8325703047289306,reported_interval_contains_zero,,
original,ln_production,0.0,original_multiplier,4000,999,296,0.074,0.004138961222335865,0.06629010557339253,0.08252734010943312,0.92225,0.9135406022351481,0.9301491479066991,reported_interval_contains_zero,,0.39036263753746175
original,ln_production,0.0,stacked_WCR,4000,999,303,0.07575,0.004183656818502206,0.06795106012683229,0.08436302750447942,0.92425,0.9156369724955207,0.9320489398731677,membership_in_test_inversion_at_zero_only,0.878,
original,ln_production,0.0,seven_means_t6,4000,0,515,0.12875,0.0052955981130557855,0.11872587899204055,0.1394865076505628,0.87125,0.8605134923494372,0.8812741210079594,reported_interval_contains_zero,,
original,ln_production,0.3,original_multiplier,4000,999,393,0.09825,0.004706297310519173,0.08940765520790124,0.10786325747537391,0.89875,0.8890157266249414,0.9077191173515218,reported_interval_contains_zero,,0.3819277747796369
original,ln_production,0.3,stacked_WCR,4000,999,384,0.096,0.004657896520963084,0.0872544572610642,0.10552077291701462,0.904,0.8944792270829854,0.9127455427389358,membership_in_test_inversion_at_zero_only,0.844,
original,ln_production,0.3,seven_means_t6,4000,0,627,0.15675,0.00574846582794053,0.14581313470367768,0.1683455231147024,0.84325,0.8316544768852977,0.8541868652963224,reported_interval_contains_zero,,
original,ln_production,0.6,original_multiplier,4000,999,448,0.112,0.004986381453519175,0.10259673473689246,0.1221477932559159,0.886,0.8757785247248907,0.8954807850554599,reported_interval_contains_zero,,0.37192342386036364
original,ln_production,0.6,stacked_WCR,4000,999,448,0.112,0.004986381453519175,0.10259673473689246,0.1221477932559159,0.888,0.8778522067440842,0.8974032652631077,membership_in_test_inversion_at_zero_only,0.831,
original,ln_production,0.6,seven_means_t6,4000,0,641,0.16025,0.0058002141663045514,0.1492085401660036,0.17194340154934856,0.83975,0.8280565984506515,0.8507914598339964,reported_interval_contains_zero,,
exclude_spring,ln_area,0.0,original_multiplier,4000,999,282,0.0705,0.004047522390302492,0.06297218860300047,0.07885197318285309,0.927,0.9185222122107948,0.9346584232198003,reported_interval_contains_zero,,0.36461230139879897
exclude_spring,ln_area,0.0,stacked_WCR,4000,999,327,0.08175,0.004332058907147962,0.07365519977146119,0.09064737454037412,0.91825,0.9093526254596259,0.9263448002285389,membership_in_test_inversion_at_zero_only,0.86825,
exclude_spring,ln_area,0.0,seven_means_t6,4000,0,451,0.11275,0.005000935849918493,0.1033175506675173,0.1229255381603565,0.88725,0.8770744618396435,0.8966824493324828,reported_interval_contains_zero,,
exclude_spring,ln_area,0.3,original_multiplier,4000,999,323,0.08075,0.0043078253649608406,0.07270353438761766,0.08960095881079704,0.91725,0.9083065846365951,0.9253927599381492,reported_interval_contains_zero,,0.3570943186649055
exclude_spring,ln_area,0.3,stacked_WCR,4000,999,350,0.0875,0.0044677665001653785,0.07913436725375496,0.09665717346024875,0.9125,0.9033428265397512,0.920865632746245,membership_in_test_inversion_at_zero_only,0.84825,
exclude_spring,ln_area,0.3,seven_means_t6,4000,0,502,0.1255,0.005238075744011345,0.11559150912070389,0.13612711390328253,0.8745,0.8638728860967175,0.8844084908792962,reported_interval_contains_zero,,
exclude_spring,ln_area,0.6,original_multiplier,4000,999,374,0.0935,0.00460319861617984,0.08486380933597483,0.10291621805855249,0.90375,0.8942188764375274,0.9125063731060388,reported_interval_contains_zero,,0.34804631047659657
exclude_spring,ln_area,0.6,stacked_WCR,4000,999,405,0.10125,0.004769655058282517,0.09228088264847825,0.1109842733750587,0.89875,0.8890157266249414,0.9077191173515218,membership_in_test_inversion_at_zero_only,0.841,
exclude_spring,ln_area,0.6,seven_means_t6,4000,0,546,0.1365,0.0054283457424891424,0.1262087833079124,0.1474887319637006,0.8635,0.8525112680362995,0.8737912166920877,reported_interval_contains_zero,,
exclude_spring,ln_yield,0.0,original_multiplier,4000,999,283,0.07075,0.004054147182207374,0.06320900050621056,0.07911468155799814,0.92625,0.9177350073761933,0.9339470672193363,reported_interval_contains_zero,,0.17141779946537009
exclude_spring,ln_yield,0.0,stacked_WCR,4000,999,280,0.07,0.004034228550788862,0.062498651061116885,0.07832647016802641,0.93,0.9216735298319737,0.9375013489388832,membership_in_test_inversion_at_zero_only,0.87275,
exclude_spring,ln_yield,0.0,seven_means_t6,4000,0,491,0.12275,0.005188507432296883,0.11294109948234267,0.13328280047973712,0.87725,0.8667171995202628,0.8870589005176573,reported_interval_contains_zero,,
exclude_spring,ln_yield,0.3,original_multiplier,4000,999,475,0.11875,0.005114890944585231,0.10908892175238924,0.12914265375600814,0.87875,0.8682693367617137,0.8885038849463375,reported_interval_contains_zero,,0.16661762063268146
exclude_spring,ln_yield,0.3,stacked_WCR,4000,999,491,0.12275,0.005188507432296883,0.11294109948234267,0.13328280047973712,0.87725,0.8667171995202628,0.8870589005176573,membership_in_test_inversion_at_zero_only,0.8045,
exclude_spring,ln_yield,0.3,seven_means_t6,4000,0,630,0.1575,0.005759638660541128,0.14654055758550383,0.1691166610679417,0.8425,0.8308833389320583,0.8534594424144962,reported_interval_contains_zero,,
exclude_spring,ln_yield,0.6,original_multiplier,4000,999,628,0.157,0.00575219523312622,0.1460555989748794,0.16860257912185583,0.84,0.8283135255711493,0.8510340529918536,reported_interval_contains_zero,,0.16231461676027137
exclude_spring,ln_yield,0.6,stacked_WCR,4000,999,642,0.1605,0.005803872629546587,0.14945114310647858,0.17220031888722873,0.8395,0.8277996811127714,0.8505488568935214,membership_in_test_inversion_at_zero_only,0.756,
exclude_spring,ln_yield,0.6,seven_means_t6,4000,0,766,0.1915,0.006221489974274652,0.17960434952810195,0.2039876269816439,0.8085,0.7960123730183561,0.8203956504718981,reported_interval_contains_zero,,
exclude_spring,ln_production,0.0,original_multiplier,4000,999,292,0.073,0.004113119254288648,0.06534157678019972,0.08147778778920534,0.92475,0.9161613227915872,0.9325236301338113,reported_interval_contains_zero,,0.3976471320884367
exclude_spring,ln_production,0.0,stacked_WCR,4000,999,293,0.07325,0.004119600632949752,0.06557866825719237,0.08174021659056784,0.92675,0.9182597834094322,0.9344213317428076,membership_in_test_inversion_at_zero_only,0.86725,
exclude_spring,ln_production,0.0,seven_means_t6,4000,0,510,0.1275,0.00527360763614435,0.11752009128766469,0.13819469396316295,0.8725,0.8618053060368371,0.8824799087123354,reported_interval_contains_zero,,
exclude_spring,ln_production,0.3,original_multiplier,4000,999,345,0.08625,0.004438776224929569,0.07794224622775305,0.09535169309447493,0.911,0.9017769543163012,0.9194343832995642,reported_interval_contains_zero,,0.39079291503891783
exclude_spring,ln_production,0.3,stacked_WCR,4000,999,350,0.0875,0.0044677665001653785,0.07913436725375496,0.09665717346024875,0.9125,0.9033428265397512,0.920865632746245,membership_in_test_inversion_at_zero_only,0.86075,
exclude_spring,ln_production,0.3,seven_means_t6,4000,0,551,0.13775,0.005449195754879797,0.12741679929672786,0.1487783173666609,0.86225,0.8512216826333392,0.8725832007032721,reported_interval_contains_zero,,
exclude_spring,ln_production,0.6,original_multiplier,4000,999,359,0.08975,0.004519262591950151,0.08128152440137593,0.09900569881782414,0.9085,0.8991688295808736,0.9170473052514402,reported_interval_contains_zero,,0.3795000769043973
exclude_spring,ln_production,0.6,stacked_WCR,4000,999,375,0.09375,0.004608712876172695,0.08510278733569351,0.10317676033718895,0.90625,0.8968232396628111,0.9148972126643065,membership_in_test_inversion_at_zero_only,0.8505,
exclude_spring,ln_production,0.6,seven_means_t6,4000,0,564,0.141,0.005502703880820773,0.1305590124343197,0.15212986784768598,0.859,0.8478701321523141,0.8694409875656803,reported_interval_contains_zero,,
