variant,outcome,method,est,se,ci_lo,ci_hi,p,treated_crops,contributing_controls,ci_method,inference_status
original,ln_area,original_multiplier,0.04841907331950435,0.13904575454185625,-0.22064883016316372,0.3174869768021724,0.7338,7,22,original_multiplier,diagnostic_not_validated
original,ln_area,stacked_WCR,0.04841907331950435,0.10417677093775604,-0.1649773682785625,0.26181551491757116,0.686,7,22,cluster_t_not_WCR_inversion,diagnostic_not_validated
original,ln_area,seven_means_t6,0.04841907331950601,0.10845982718319692,-0.21697256318819486,0.3138107098272069,0.6709510843654096,7,22,seven_means_t6,diagnostic_not_validated
original,ln_yield,original_multiplier,-0.02840525470520583,0.05478044445460086,-0.13148004744152486,0.07466953803111319,0.6027,7,22,original_multiplier,diagnostic_not_validated
original,ln_yield,stacked_WCR,-0.02840525470520583,0.039184594228228654,-0.10867125737065816,0.051860747960246506,0.5445,7,22,cluster_t_not_WCR_inversion,diagnostic_not_validated
original,ln_yield,seven_means_t6,-0.028405254705207255,0.04813183699443735,-0.14617961706427432,0.0893691076538598,0.5766217509343783,7,22,seven_means_t6,diagnostic_not_validated
original,ln_production,original_multiplier,0.019883266762162677,0.15912597164769637,-0.2810368161041715,0.3208033496284969,0.9077,7,22,original_multiplier,diagnostic_not_validated
original,ln_production,stacked_WCR,0.019883266762162677,0.12113368087960892,-0.2282478302635744,0.2680143637878998,0.8875,7,22,cluster_t_not_WCR_inversion,diagnostic_not_validated
original,ln_production,seven_means_t6,0.01988326676216217,0.12381738881641526,-0.28308696931055005,0.3228535028348744,0.8776902087434103,7,22,seven_means_t6,diagnostic_not_validated
exclude_spring,ln_area,original_multiplier,-0.04137829280290654,0.13374086828530898,-0.2941754721727571,0.211418886566944,0.7583,7,20,original_multiplier,diagnostic_not_validated
exclude_spring,ln_area,stacked_WCR,-0.04137829280290654,0.09331719162418385,-0.2331945273178946,0.15043794171208155,0.7105,7,20,cluster_t_not_WCR_inversion,diagnostic_not_validated
exclude_spring,ln_area,seven_means_t6,-0.04137829280290679,0.11008674602896096,-0.31075085631515875,0.2279942707093452,0.7199445942700838,7,20,seven_means_t6,diagnostic_not_validated
exclude_spring,ln_yield,original_multiplier,-0.03217467118642142,0.058247245049197996,-0.14285694041694197,0.07850759804409911,0.5876,7,20,original_multiplier,diagnostic_not_validated
exclude_spring,ln_yield,stacked_WCR,-0.03217467118642142,0.04350429194254647,-0.12159902398163966,0.057249681608796815,0.5425,7,20,cluster_t_not_WCR_inversion,diagnostic_not_validated
exclude_spring,ln_yield,seven_means_t6,-0.03217467118642262,0.04922075546812762,-0.1526135210636931,0.08826417869084785,0.5375483623334302,7,20,seven_means_t6,diagnostic_not_validated
exclude_spring,ln_production,original_multiplier,-0.07367861151670677,0.15743148986255256,-0.3708808099260529,0.22352358689263932,0.6523,7,20,original_multiplier,diagnostic_not_validated
exclude_spring,ln_production,stacked_WCR,-0.07367861151670677,0.11441386288858868,-0.30885967487305016,0.16150245183963663,0.5965,7,20,cluster_t_not_WCR_inversion,diagnostic_not_validated
exclude_spring,ln_production,seven_means_t6,-0.07367861151670686,0.12770898163416433,-0.38617123217499993,0.23881400914158624,0.5849692358980105,7,20,seven_means_t6,diagnostic_not_validated
